UMAP1,UMAP2,UMAP3,UMAP4,UMAP5,UMAP6,UMAP7,UMAP8,UMAP9,UMAP10,UMAP11,UMAP12,mode
8.0088625,7.775926,2.4817393,-1.2382625,6.6451945,0.72470605,2.776213,8.401725,5.0075655,5.4445796,7.1307793,3.7545526,0
7.91479,6.8086667,2.1829808,0.36890537,5.4541,0.48716286,2.9697568,7.149653,5.130163,5.766284,7.1772714,3.677243,1
7.976366,6.783559,2.7270508,0.31112263,5.5716553,0.8917489,3.265183,7.1373606,5.263759,5.570251,6.957529,3.9292188,0
7.9318056,7.116008,1.9852548,0.056204826,5.7398577,0.4518848,2.732105,7.537486,5.0226274,5.817579,7.2068253,3.658467,0
8.989627,6.7951384,2.8958561,-0.17967714,6.3669963,0.5392301,2.7771294,7.809639,5.2154617,5.66421,7.221994,3.255118,1
8.618808,7.318102,3.402006,-1.0008831,6.435772,0.86030424,2.2437198,8.020423,6.5447197,4.960281,6.614963,3.386311,0
9.515268,6.9277277,3.986243,0.30906913,6.8463535,1.9493511,1.4292157,8.395208,4.7687826,5.6535277,7.0347695,4.438995,0
8.129653,6.5852437,2.0729554,1.835129,5.1358757,1.1983439,3.8679903,6.72557,5.608558,6.0121346,6.232332,4.4626117,1
8.519259,7.6538496,2.4513786,-1.1966747,7.012851,0.5726555,3.105662,8.5601635,4.45717,5.8890824,7.471841,3.4039054,0
8.020284,7.958713,2.6675608,-0.62551045,6.645851,1.4175748,3.1290257,8.363423,5.669862,5.4629908,6.3757334,4.31146,1
8.051373,6.7804017,1.654993,2.2062633,5.10823,1.3467289,3.741948,6.8670554,5.5201497,6.1970887,5.998699,4.7910333,1
7.702991,7.845903,2.1666205,-0.2965365,6.094823,1.1957527,2.433017,8.127674,5.684411,5.3713098,6.42822,4.4479694,1
8.267824,6.9792824,1.7185868,0.82425344,5.752358,0.6424134,3.102543,7.4817104,4.769609,6.1601315,7.0334787,3.9628565,1
8.597392,6.780397,2.9934738,-0.13958308,5.9411397,0.5882183,2.5038488,7.485511,5.8469324,5.391917,6.9805937,3.3240027,0
8.92064,7.2516,3.6421158,-0.9861783,6.5671935,0.8795187,2.3102875,8.030903,6.7794724,4.9393477,6.5468245,3.2078915,0
8.191704,7.755253,2.4182584,-1.1804707,6.757892,0.6628797,2.8544838,8.454679,4.9006896,5.6125393,7.19958,3.6134124,0
8.047022,8.065459,2.0940433,-0.15805146,6.5176735,1.3700547,2.7228408,8.400227,5.6265707,5.795688,6.3490906,4.324429,1
8.349031,6.525798,2.2437446,0.8605487,5.450739,0.5642281,3.050481,7.118025,5.1730857,5.704395,6.960767,3.9033678,1
9.243185,7.119041,3.8344407,-0.0014180792,6.783429,1.8057729,1.5808758,8.397484,5.1867857,5.4426584,6.8474917,4.374088,1
8.0193205,6.7085357,1.8181039,1.9586974,5.0935616,1.2182369,3.5570698,6.83999,5.4453335,6.134802,6.2506237,4.5793023,0
7.662938,7.665692,2.5643094,-1.0348011,6.152529,0.8300663,2.3625493,8.091994,5.607183,5.0470057,6.824008,4.030885,1
8.111219,6.690114,2.2664788,1.0716313,5.364461,0.9267752,3.3832004,7.0104136,5.421571,5.753834,6.6279016,4.1822033,1
8.280525,6.938349,3.0426905,-0.49990475,5.899268,0.6291569,2.3406432,7.56771,5.925138,5.1044817,6.9278455,3.5274825,1
8.080363,7.266819,2.0471818,1.1972463,5.7463856,1.4877771,3.5953422,7.455435,5.5564513,5.9784393,6.101045,4.687823,1
8.270371,6.9549356,1.7799232,0.8400599,5.7274036,0.67589724,2.9615376,7.4987745,4.817625,6.070746,6.9901085,4.0195446,1
7.999675,7.032417,2.176485,1.3810296,5.441254,1.4482378,3.6115725,7.1516943,5.786985,5.781818,6.036616,4.7025285,0
8.038476,7.7323084,1.4107542,-0.008089231,6.2625504,0.5796892,2.6400127,8.151791,4.6945944,6.3614492,7.2025905,3.686399,1
9.414189,6.6737065,4.178434,0.54736894,6.521306,2.043834,1.5831759,8.06933,4.6864185,5.5690355,7.0073814,4.5927367,1
8.440157,6.6764154,0.46637246,2.0747058,4.893052,0.0060402784,3.7983801,6.5332036,5.6511283,6.3193097,6.8260317,4.450854,0
8.417031,6.9229717,3.1648374,-0.5070334,6.03726,0.7201429,2.3257525,7.6673946,5.7361703,5.1535897,6.9997525,3.5764503,1
9.452592,6.9264483,3.794368,0.7150163,6.733454,2.0879447,1.677011,8.279602,4.691083,5.8361397,6.9013615,4.622632,1
9.337391,6.9962463,3.9870634,0.08754945,6.772494,1.882881,1.5215343,8.350193,5.0234084,5.4615965,6.9238863,4.416903,0
7.752712,7.2981167,2.7756643,-0.70583296,5.8909774,0.825397,1.9771751,7.828507,5.449007,5.0471907,7.005885,4.0584307,1
7.5681725,8.217964,2.1835415,-0.9422668,6.3630357,1.1645217,2.3254213,8.415322,5.9876533,5.2280517,6.360116,4.2691793,0
8.51164,7.5624633,1.5865939,0.50364554,6.321966,0.7725062,2.4244723,8.13038,4.993822,6.4938064,7.0025773,3.6515849,1
8.332123,7.225703,3.0308008,-0.8540338,6.472448,0.7968055,3.0252583,7.9743123,4.9511127,5.4700036,7.2616577,3.6032834,0
8.155943,7.6550136,1.4001147,0.27924767,6.1769433,0.6383302,2.4823956,8.081278,4.910189,6.392778,7.073778,3.6951566,1
8.282497,7.7635922,1.5822357,0.50670314,6.345622,1.0483942,2.776766,8.176096,5.0211315,6.4320545,6.747813,4.020881,0
7.994874,6.6502895,1.8301251,2.100562,4.980822,1.2735406,3.7329662,6.7318244,5.677682,5.983148,6.027676,4.768277,1
8.220454,7.1830754,3.085347,-0.8524028,6.0841994,0.6793321,2.1240723,7.818953,6.04969,4.9922895,6.8657985,3.544637,1
8.09705,7.4664435,2.9631116,-0.60079,6.2207875,1.0934526,2.6329215,7.9243393,6.085449,5.139426,6.520125,3.9567127,1
8.63636,6.7740865,0.026648683,2.2935205,4.81898,-0.31048515,3.8866527,6.4111576,5.6660757,6.4294405,6.981293,4.4836845,1
8.469688,7.676295,3.1367233,-1.0205543,6.6511726,1.0679764,2.4146614,8.290137,6.360387,5.150506,6.4914393,3.6179848,0
7.90168,6.6778293,2.1455863,1.5602205,5.047467,1.1640679,3.6698563,6.755623,5.833841,5.6256113,6.149084,4.633601,0
7.962161,7.7117796,1.6626616,-0.3785401,6.3116465,0.5330781,2.6917543,8.16626,4.700258,6.1258206,7.2770433,3.640563,1
8.073562,7.8179812,2.432433,-1.2790715,6.747105,0.68904567,2.9232068,8.455273,4.877607,5.5600624,7.191778,3.675441,0
8.354508,7.5526443,1.2867063,0.65183157,6.1799083,0.66388106,2.5432475,8.040718,4.7747746,6.6288834,7.0889106,3.6893198,1
9.40025,6.5795627,4.190373,0.27588204,6.505422,1.8144332,1.39448,8.047442,4.703955,5.4225197,7.1739736,4.360634,0
8.779665,7.2338634,3.6011932,-1.0803815,6.4700165,0.8111864,2.2328024,7.9891047,6.722146,4.863977,6.608517,3.2357771,1
9.295162,7.045713,3.3815582,0.45311633,6.77084,1.6943716,1.6784983,8.404553,4.5760508,5.8827763,7.0884604,4.3712473,1
8.669447,7.321342,2.273968,0.07527045,6.311983,0.69399226,2.4734366,7.948873,5.6477504,5.9937725,6.875997,3.3469217,0
7.84679,7.207735,2.7477822,-0.54169965,5.8287315,0.78921694,2.1236882,7.7303653,5.6042004,5.0596776,6.9055004,3.9996123,0
7.86279,6.746876,2.615411,0.6322887,5.3257375,0.9838463,3.3656378,6.9661098,5.75775,5.3564863,6.532956,4.2204356,1
7.932588,6.5753393,2.232549,1.6471404,5.036812,1.1807868,3.645779,6.6453314,5.4869766,5.999917,6.475992,4.320786,1
9.24803,7.1710725,3.0153425,0.46079803,6.8324637,1.5078571,1.9515967,8.443703,4.492028,6.1130433,7.1434393,4.184599,1
7.927585,6.6352973,1.934199,1.8415796,4.9788585,1.152092,3.586825,6.730063,5.639889,5.901455,6.208047,4.6131606,0
7.708543,7.514493,2.843976,-0.8258752,6.058614,1.063737,2.132054,8.01345,5.535224,4.948344,6.789394,4.2936616,0
9.508918,7.166809,3.505126,0.7192464,6.9504666,2.0599391,1.678475,8.521219,4.653322,6.0683284,6.8960676,4.573039,0
8.025605,6.899887,1.8242756,1.7711936,5.2669435,1.2947791,3.5245078,7.041373,5.542717,6.037272,6.1406555,4.6733565,1
8.237883,6.492712,2.422477,0.64391506,5.395588,0.535781,2.9443972,7.0656557,5.2705793,5.5244894,7.006195,3.8618865,0
9.567999,7.279626,3.3622644,0.5586867,7.0891886,1.891098,1.5603042,8.681158,4.614202,6.164203,7.0181127,4.386833,0
8.371847,6.6855974,3.0100117,0.39022535,5.6695986,0.9497889,3.2914903,7.108916,5.8824778,5.468514,6.666521,3.7308042,1
7.9712124,7.944038,2.5839493,-0.48183593,6.4208336,1.4079458,2.7985935,8.22828,6.139108,5.32966,6.173973,4.2976446,0
8.113268,7.0015125,1.5364647,2.2211423,5.303495,1.4907504,3.7863839,7.020094,5.3580213,6.5176272,6.0229063,4.7361736,1
9.592836,6.948157,3.8098736,0.42189115,6.907959,1.8662016,1.3987526,8.466745,4.5469713,5.872259,7.1718407,4.3409333,1
8.609208,6.69895,0.058293667,2.273431,4.7796097,-0.27931425,3.9117155,6.397074,5.6802754,6.496535,6.912206,4.4932246,1
8.643754,7.4213114,2.39153,0.057875227,6.369491,0.8890001,2.5630164,7.995732,5.832198,5.9141326,6.6837115,3.501825,0
7.803217,6.965261,2.8065336,-0.071210444,5.6120305,0.89437586,3.054945,7.2824993,5.647314,5.200204,6.76328,4.043932,0
8.308772,7.5918837,2.1481404,0.39974272,6.3160086,1.336188,2.6790102,8.15313,5.190751,5.934275,6.5678196,4.400232,0
7.611953,7.4773893,2.7784822,-0.92817944,5.983267,0.8897885,2.549934,7.856648,5.6483293,4.933878,6.7957478,4.1129456,1
7.7130246,7.275945,1.8975958,-0.09374354,5.70268,0.45787686,2.539545,7.602719,5.0582757,5.7801065,7.204253,3.6990466,1
8.835614,7.212037,3.6454394,-1.0648459,6.4859047,0.8154563,2.2406168,7.982547,6.7694364,4.86666,6.6060686,3.2110367,0
7.950902,6.7543063,2.0813365,2.025773,5.0726724,1.5276366,3.9290516,6.69644,5.6333823,6.123386,6.0654116,4.6985035,1
9.385529,7.0642242,3.9062874,0.15536258,6.847422,1.9167488,1.4970038,8.431955,4.943246,5.5857415,6.9400816,4.444826,1
9.600479,6.910293,3.8472927,0.41260767,6.8868675,1.8495446,1.3690615,8.444052,4.511551,5.8584657,7.2125034,4.3210135,0
8.280817,6.914247,1.4708258,1.2312695,5.53288,0.60781324,3.2312927,7.26946,4.9881263,6.234838,6.8948035,4.11895,1
8.502455,7.645102,2.3196616,-1.1131873,6.9867096,0.50678957,3.144952,8.544217,4.259037,5.9988704,7.545548,3.373598,0
8.485569,7.243662,3.334268,-0.99401397,6.3128877,0.7691304,2.1810656,7.9447975,6.372864,4.931797,6.725443,3.413782,1
7.904334,6.657358,2.5158894,0.38293585,5.303922,0.63268363,2.910412,7.016287,5.4851546,5.404466,6.921115,3.8864286,1
8.6812315,7.957333,2.3360808,0.11012069,6.7915316,1.4705396,2.7829287,8.423968,6.0175214,6.0391517,6.2285457,3.9381917,1
7.6296782,8.078775,2.2607927,-1.0878694,6.4019775,0.9810305,2.4719818,8.386696,5.676681,5.2551303,6.624384,4.1114,0
7.783128,7.3137207,1.8851359,-0.18114898,5.7842927,0.4268414,2.436806,7.7023673,5.0345864,5.7738395,7.231621,3.6622114,1
8.1810055,7.5983577,1.5796306,0.59144634,6.117342,0.94275546,2.8560302,7.948125,5.1124344,6.344572,6.743085,3.9823954,1
9.499981,7.2755733,3.2005813,0.64357084,7.011781,1.8219813,1.6079316,8.631819,4.570083,6.238664,7.036784,4.359843,0
8.304606,6.6036587,2.425541,0.49331534,5.567678,0.5610465,2.9532213,7.2407837,5.2027764,5.5328546,7.0007763,3.8647642,1
8.221861,7.804203,1.5678304,0.49116424,6.333087,1.0747113,2.8783069,8.160535,5.091837,6.41025,6.6749406,4.05274,1
7.9193783,7.455761,2.3728602,0.23507911,5.897015,1.3013797,2.5674074,7.8201227,5.7098947,5.3886623,6.3543453,4.542314,0
7.853106,7.5844703,1.4990337,-0.062234726,6.0101314,0.4569337,2.5185032,7.9383955,4.8290706,6.155202,7.2541738,3.6386383,1
8.04656,6.6329613,2.18161,0.62407494,5.365619,0.48612538,2.988222,7.0680437,5.1337895,5.7202435,7.098319,3.7721903,0
8.840165,7.2640314,3.3761578,-0.82346535,6.845308,1.0879917,2.5146072,8.331511,5.019925,5.5002766,7.1897926,3.6882555,0
8.110849,6.9753456,1.5381553,2.18716,5.289759,1.4388789,3.720714,7.038132,5.3942103,6.428925,6.0160236,4.7538,0
7.8692765,6.5505233,2.0552762,2.0982203,4.820156,1.3286216,3.9305007,6.464129,5.6759377,6.002252,6.1482415,4.640281,1
8.589677,6.7845473,0.1211557,2.2072906,4.847188,-0.24655756,3.8118079,6.4675517,5.66058,6.3912063,6.993624,4.427878,0
7.787627,7.6640286,2.6105459,-1.2871888,6.3898625,0.7054287,2.6866841,8.2026005,5.2047396,5.17479,7.079844,3.8410358,1
8.343801,6.649365,2.9311028,0.4758941,5.6704745,0.9521767,3.3127747,7.123674,5.4856725,5.6091156,6.834833,3.7926087,1
8.461214,7.672497,2.3747683,-1.1582779,6.9735804,0.5575752,3.1135695,8.543289,4.38436,5.9189153,7.483429,3.4216158,1
7.655782,7.3080454,2.5061028,-0.6244449,5.8011227,0.66565084,2.2083666,7.726736,5.453149,5.174466,7.0292397,3.9390182,1
8.401963,6.822218,3.1901023,-0.28921837,5.9092455,0.7876945,2.3734896,7.5338116,5.7435403,5.159232,6.945729,3.672362,0
8.032824,7.5272994,2.4299114,-1.0432624,6.487198,0.55269825,2.998107,8.171018,4.7545214,5.56814,7.3193808,3.6155689,1
8.129687,6.5905104,1.8790072,2.000886,5.093003,1.1757869,3.7848797,6.756422,5.538327,6.063576,6.1913347,4.568891,1
8.02788,6.823525,1.6410937,2.468236,5.0547695,1.5741822,4.0218596,6.7151475,5.4222846,6.50808,5.949724,4.8097954,0
8.514019,7.0449805,2.2079647,0.65358365,6.001495,0.9498622,2.684684,7.7629495,5.0798793,5.8438406,6.8022113,4.1476817,0
8.557931,6.742806,0.17908701,2.1864352,4.840059,-0.19775364,3.8162649,6.471551,5.673878,6.392081,6.9514637,4.4434032,0
8.20768,7.5440845,3.088399,-1.1547794,6.3480425,0.8290584,2.2312984,8.078617,6.4429655,4.935205,6.59049,3.5514271,0
9.487506,6.661837,4.269491,0.27548808,6.641768,1.9470212,1.3335356,8.171463,4.6563725,5.474281,7.1646395,4.428193,1
8.238978,7.093347,2.9642522,-0.26369676,5.958643,0.90332675,2.6860585,7.6009116,6.043861,5.195889,6.635813,3.7846262,0
9.499186,7.20366,3.2879286,0.69187796,6.968991,1.8683155,1.6054277,8.579126,4.5484047,6.1792116,7.0298815,4.419541,1
7.877661,6.603514,2.1625385,2.015498,4.901118,1.4114717,3.8840585,6.5178833,5.620245,6.0549426,6.197417,4.6005435,1
9.397763,6.6351013,3.8992317,0.2034227,6.551449,1.5561528,1.544137,8.060278,4.611938,5.6599755,7.341406,4.042464,0
7.908612,7.8922935,2.770412,-0.86846894,6.400549,1.2396656,2.6313362,8.210394,6.2633586,5.091276,6.2894173,4.112547,1
8.820787,7.2898045,3.4307265,-0.8360776,6.8476934,1.1457182,2.4697275,8.344565,5.066,5.4586587,7.1469316,3.7403207,0
8.404851,7.635343,2.1313846,0.52002835,6.392953,1.4032321,2.742931,8.188699,5.194698,6.055157,6.5138297,4.3980627,0
9.009848,6.9209595,3.628826,0.23463379,6.4418836,1.6587863,1.619767,8.135025,4.967035,5.416693,6.941354,4.4629087,0
8.594473,7.135426,3.0632324,-0.73327833,6.398881,0.69701797,2.3052907,8.019976,5.5272064,5.307209,7.088066,3.4699116,1
7.936991,6.494602,2.2914002,1.472157,5.027257,1.0158795,3.6360624,6.5889187,5.446294,5.952738,6.6589656,4.1154194,0
7.931139,7.7885504,2.9186718,-0.85218215,6.3633513,1.2596487,2.7176116,8.123474,6.2734556,5.028304,6.29604,4.1169934,0
7.8653355,6.650785,2.3361375,0.7271872,5.245638,0.70109427,3.263468,6.8745956,5.2994432,5.740297,6.970304,3.8624384,1
7.746224,7.5533147,2.6375957,-1.177854,6.2410955,0.6895148,2.6386225,8.069422,5.2596,5.11809,7.0654874,3.8717406,1
8.161196,7.510678,1.7004105,-0.0380647,6.256368,0.5810574,2.8656294,8.035819,4.650952,6.213697,7.228979,3.6789725,1
8.121792,7.0950723,1.6583548,0.51290387,5.7569256,0.4694545,2.80331,7.5710416,4.817666,6.109638,7.1721926,3.7474108,1
7.912739,6.6192007,2.0091588,2.1972184,4.8926954,1.4582716,3.995633,6.5191603,5.6419077,6.1365256,6.0668354,4.7047176,1
7.694685,7.270824,2.7464492,-0.53650004,5.806524,0.869588,2.5283427,7.637044,5.7166758,5.052494,6.785122,4.069595,1
7.7775664,7.693203,2.5856025,-1.295471,6.418053,0.7195325,2.7368095,8.227258,5.1462398,5.2054334,7.087569,3.8623567,0
8.137598,6.6461086,2.6943302,0.25176594,5.4916024,0.5987146,2.826836,7.1313806,5.657383,5.332107,6.9170365,3.7276986,1
7.5458965,8.120347,2.1767585,-0.7869519,6.2526865,1.1632836,2.356796,8.3241825,5.8867326,5.232037,6.3877335,4.3550825,1
7.616608,8.0158205,2.4542367,-0.9064277,6.3206134,1.1784636,2.642077,8.257286,5.9244666,5.1445446,6.398546,4.287459,0
7.919851,6.6818533,2.0997403,0.63876224,5.300782,0.4581606,3.0533757,6.97909,5.114826,5.8687515,7.182529,3.655941,1
8.717117,7.3736424,3.4080627,-0.8418727,6.7958083,1.1954714,2.401761,8.339737,5.2729864,5.369268,7.0047717,3.8139272,1
7.584229,8.02191,2.4159095,-0.78733706,6.2478786,1.2425665,2.5536213,8.229608,6.0068045,5.1264796,6.310293,4.3808,0
7.602522,7.3043466,2.692102,-0.79744875,5.8138995,0.7199243,2.4713023,7.7039456,5.570081,4.969298,6.914684,3.9949248,0
7.9563937,6.6133685,2.5360515,0.34876034,5.3222847,0.582713,2.8479323,7.0467224,5.484512,5.3380065,6.928799,3.8886383,0
8.463622,7.478405,3.2865481,-1.1608318,6.475744,0.85463613,2.2051983,8.126259,6.5479155,4.934464,6.584617,3.4316878,1
9.428123,6.651794,3.9988422,0.26920003,6.5812554,1.7001435,1.3495506,8.145699,4.5600605,5.5938525,7.296085,4.245173,1
8.778939,6.696277,3.1389997,0.015302653,6.01823,0.7103519,2.849132,7.433094,5.876616,5.4517536,6.8823233,3.3307905,1
8.344269,7.683246,2.3330705,-1.1064925,6.8613815,0.58113027,3.0718772,8.472889,4.505663,5.860134,7.4179983,3.4908562,1
8.22986,7.778229,1.5181297,0.6050858,6.3018055,1.0910256,2.9740105,8.113068,5.0656943,6.471172,6.644116,4.0795717,1
9.396343,7.1423955,3.3857393,0.77689457,6.8442426,1.9950927,1.8283892,8.427214,4.6404996,6.0724883,6.877397,4.572398,0
7.95189,7.6940303,1.4302958,-0.04450619,6.1661606,0.5286944,2.567111,8.0815,4.752789,6.279377,7.223513,3.6671798,0
7.8600144,6.54529,2.1332512,2.1165974,4.826981,1.3812716,4.0057836,6.410251,5.6173587,6.104903,6.199308,4.5767293,1
8.354524,6.592659,2.8014848,0.62335163,5.604798,0.8987828,3.3594608,7.0734982,5.4377365,5.6659517,6.835141,3.8125243,0
7.990228,6.686351,1.9582812,2.1571417,5.015193,1.451949,3.9539986,6.6619244,5.645669,6.122648,6.0190907,4.736245,1
8.338603,7.2848024,3.0773187,-0.8426466,6.2287855,0.7562478,2.113952,7.9520173,6.151179,5.039471,6.7683773,3.5455873,0
7.8087144,7.8503366,2.4280748,-1.2353518,6.514914,0.78638625,2.6959467,8.361642,5.190093,5.3197517,6.9914255,3.905502,0
8.320253,7.3805456,1.2987741,0.79711103,6.043858,0.62086505,2.8529813,7.8537974,4.6289554,6.591128,7.116846,3.7701373,1
8.078327,8.062142,2.4309459,-0.43953538,6.5673466,1.41266,2.7381632,8.378652,6.039241,5.528831,6.210152,4.2303967,0
8.1816225,7.3221555,2.9319892,-0.74190474,6.1914096,0.82031244,2.0963886,7.9680448,5.7677555,5.170462,6.9058256,3.7327032,1
8.096372,7.8051176,2.5973623,-1.0547187,6.750881,0.94698554,3.164841,8.405126,5.0454807,5.553792,6.9595714,3.8775797,0
7.955727,7.3787208,1.8480402,-0.22426648,6.0043335,0.45519257,2.6763408,7.8701243,4.8914022,5.835052,7.2002106,3.6926253,1
8.001994,7.515281,1.5334473,0.2919279,6.0005913,0.64473253,2.7198653,7.86846,4.9137645,6.2627945,7.061016,3.7655203,0
7.934866,6.7523828,2.1379366,1.4819734,5.1414356,1.1849619,3.5729365,6.872206,5.800451,5.634086,6.156001,4.6363883,0
8.600592,6.714762,0.13247353,2.2530074,4.8026104,-0.23915963,3.8818758,6.4178715,5.7056446,6.4259086,6.918708,4.489799,1
7.9826574,6.632362,2.686153,0.6903867,5.312148,0.91076535,3.345511,6.875574,5.6592197,5.5229855,6.7119303,3.9742813,0
8.308941,7.683479,3.1073415,-0.9423391,6.65636,1.1987562,2.7339916,8.277181,5.8943033,5.230698,6.5862365,3.8847597,1
8.747329,6.9554176,3.60194,-0.3346445,6.3193088,1.2594466,1.8552386,7.9725637,5.4554105,5.1479893,6.9424233,4.0300474,1
7.77822,8.063499,2.5020952,-0.7912973,6.3987203,1.2922157,2.57447,8.307029,6.170649,5.1965313,6.240538,4.2573442,0
8.60589,7.551121,3.251454,-0.9012787,6.863098,1.2498798,2.3512547,8.490804,5.194314,5.4141445,6.9922776,3.9465535,1
8.133617,7.10289,1.5202265,2.0650823,5.4243975,1.4860864,3.6460245,7.175776,5.3668976,6.504144,6.0294466,4.715376,1
8.260954,7.502517,1.2397838,0.67570007,6.065118,0.60983455,2.6093585,7.935907,4.7724977,6.604863,7.1053705,3.6908982,1
9.242603,7.119612,3.8333094,-0.02140249,6.7863994,1.7868277,1.5787181,8.398421,5.200909,5.439136,6.8529634,4.3524275,1
8.452411,6.91779,2.1093454,0.897939,5.841553,0.94374657,2.7595046,7.6032796,4.86541,5.9559484,6.8809404,4.214923,1
7.9643707,6.674624,2.5389247,0.18332036,5.429441,0.51276845,2.850153,7.115467,5.3198524,5.4415984,7.1182404,3.721582,0
7.910906,7.29545,2.9780645,-0.40630516,5.9361167,1.096541,2.9920342,7.6051493,6.1646953,5.037643,6.4220433,4.0670576,1
7.941431,6.7203546,1.9902238,0.58419585,5.300827,0.38886338,3.0280514,7.011081,5.2108183,5.7196546,7.1389575,3.8466353,1
7.587056,7.5301113,2.4413664,-0.8267675,5.9140797,0.71682185,2.2518923,7.8992434,5.6289034,5.0798144,6.8530087,3.9909396,0
8.941907,6.869701,2.7910497,-0.35721081,6.4540925,0.44979173,2.8814368,7.894282,5.014619,5.7227535,7.341104,3.2012892,1
7.9096355,8.078594,2.3950887,-0.5456869,6.554277,1.3873273,2.9067636,8.385633,5.774075,5.508441,6.3086915,4.3394423,0
7.9381676,6.9559894,2.1130357,1.0648413,5.335222,1.0930336,3.2852502,7.1239176,5.812821,5.528113,6.2704334,4.5859747,0
7.9882946,6.6848583,2.3828402,0.8092855,5.2978206,0.83804566,3.1877387,7.003807,5.6064796,5.4644895,6.6184363,4.1911874,1
8.038313,6.74309,1.7434025,2.0832357,5.088764,1.2862841,3.6669817,6.857627,5.5783415,6.0685325,6.044467,4.7612696,1
8.730913,7.4038577,3.4564607,-0.9307753,6.8370132,1.2013375,2.4109297,8.372686,5.346378,5.3299055,6.983206,3.7898054,1
8.469745,6.7798624,3.085407,-0.19972987,5.8727994,0.6659332,2.5125072,7.443915,5.935755,5.233464,6.8973136,3.473917,1
8.128564,6.9616327,1.819589,1.6425297,5.4576797,1.270556,3.6493866,7.1261377,5.318408,6.2563906,6.3193426,4.4910607,1
7.599854,8.192363,2.2001398,-0.9459596,6.3760333,1.1386985,2.3396082,8.412483,5.965655,5.2422504,6.3946786,4.225128,1
8.765206,6.9347816,3.1305747,-0.40504035,6.242429,0.6814188,2.3455868,7.7945,5.8416786,5.324006,6.9548645,3.3565145,0
8.67656,7.269653,2.2442508,0.122214764,6.2712946,0.6478308,2.4649215,7.908748,5.57666,6.023023,6.9308524,3.31752,1
8.035855,6.7960258,2.369927,1.5677047,5.29605,1.4563572,3.4179027,6.9425807,5.4495096,6.0469766,6.3922024,4.4691567,0
8.063304,7.8568573,2.5063534,-1.3086029,6.7800646,0.7829572,2.782529,8.520246,4.9047813,5.5100517,7.1580048,3.7628675,0
8.047337,6.983039,2.0405297,1.4023339,5.43186,1.3022616,3.465158,7.173003,5.5863013,5.864908,6.205724,4.6078444,1
7.8569517,7.371757,1.906209,-0.24467684,5.894698,0.46378618,2.4897616,7.802237,5.064803,5.7484627,7.168122,3.6892068,0
8.203367,7.459332,2.9936514,-0.8304373,6.3339286,0.9516037,2.1216958,8.105589,5.8473973,5.146729,6.802066,3.8133204,1
8.865172,6.954426,3.8166924,-0.25134382,6.429441,1.4946611,1.6194801,8.097288,5.218691,5.171852,6.984382,4.221839,1
8.449048,6.704818,3.0519907,0.31153938,5.753147,0.9162531,3.213736,7.1781716,5.909754,5.458353,6.6982327,3.6490579,1
7.993107,6.6003146,2.4225256,0.7012557,5.2504244,0.7121562,3.0654461,6.963155,5.5708036,5.4238496,6.7366095,4.0657997,0
8.744885,7.0418024,3.672764,-0.37803388,6.3978753,1.3891982,1.7416356,8.079555,5.40227,5.132965,6.9199977,4.14704,1
7.5040927,8.121261,2.2808352,-1.0353063,6.2741847,1.0823936,2.3234758,8.339115,5.9316893,5.123054,6.4542174,4.244798,0
7.9511013,7.6718135,2.4866781,-1.2645612,6.586198,0.620047,2.9698207,8.294102,4.792439,5.4800625,7.2865376,3.6808906,1
7.896789,6.513546,2.2612455,1.3977827,5.016643,0.90983933,3.5936947,6.573105,5.3586206,5.9978924,6.774239,3.9954402,0
8.517004,7.750463,2.3465178,-1.2618306,7.1149707,0.5049031,3.1927185,8.670417,4.1554856,6.0283384,7.600578,3.3428538,1
8.30956,7.053378,1.5773103,0.81153727,5.7978044,0.53758353,2.8351269,7.5946455,4.770816,6.251095,7.1128287,3.821218,1
8.258154,7.940291,2.743091,-0.7353126,6.70382,1.3053889,2.6850607,8.419483,5.9802394,5.4300485,6.3960743,4.005101,1
8.576286,7.027735,3.3785748,-0.74655104,6.21091,0.7627836,2.2527456,7.790174,6.1450176,5.021194,6.846642,3.4288232,0
9.265243,7.2198815,3.7724645,-0.02892751,6.869723,1.7903317,1.6031566,8.481106,5.2345295,5.512051,6.8279214,4.317296,1
8.434875,6.985032,2.9882956,-0.33760375,6.0258064,0.722371,2.4215121,7.655462,5.8872504,5.2647743,6.8692484,3.5420516,0
7.9847527,7.4704823,2.4222767,0.16474335,5.9696693,1.2865155,2.6108227,7.8594584,5.7367964,5.3945,6.362253,4.473355,0
8.007691,7.744169,2.6898212,-0.27485648,6.2946587,1.4342731,2.9440837,8.055431,6.078721,5.3065147,6.174939,4.376223,0
8.542802,6.714357,0.19589187,2.1792958,4.8397546,-0.18758388,3.8318892,6.4711843,5.638516,6.421653,6.929968,4.440859,1
7.8870907,7.530676,2.6893573,-0.25015575,6.043899,1.318856,2.36031,7.968713,5.754493,5.1405196,6.4370637,4.5131817,1
7.5260406,7.821363,2.231004,-0.8555129,6.070974,0.8546544,2.271919,8.1198225,5.6449714,5.1827855,6.721782,4.12745,1
8.04158,6.5760393,2.147915,0.7675559,5.2804804,0.48232433,3.100262,6.9501386,5.1486487,5.7903047,7.099801,3.764077,1
9.52968,7.1649365,3.3755362,0.61405414,6.9846187,1.8702108,1.5580704,8.587703,4.5169277,6.131354,7.084945,4.386972,1
8.588817,7.241265,2.8168643,-0.73435295,6.489233,0.61161375,2.5900524,8.083903,5.4252114,5.462581,7.0923033,3.3909934,1
8.4796295,7.324178,3.3050797,-1.0542384,6.5622687,0.8946879,2.5424004,8.121287,5.6706457,5.157517,6.957017,3.5749302,1
7.972165,6.736085,2.089413,1.6423352,5.1174846,1.2402196,3.6961825,6.831672,5.8398333,5.6975064,6.0641503,4.6897326,0
7.8651156,6.50608,2.081709,2.0838044,4.800774,1.2921648,3.940993,6.411919,5.6064095,6.0515327,6.249318,4.537564,1
8.305369,7.5622225,1.873431,-0.3290497,6.518935,0.59896916,3.0215952,8.213547,4.4872246,6.1952906,7.3065877,3.6174967,1
7.9885683,7.604864,2.5470371,-1.2186391,6.575001,0.62193173,3.0761573,8.235633,4.758797,5.4958353,7.3113146,3.649766,0
8.071342,6.8207192,1.9665748,0.64339185,5.51627,0.49113083,3.01716,7.2016463,4.987599,6.036221,7.176678,3.630405,1
8.811359,7.191902,3.406149,-0.76956815,6.762114,1.0671197,2.5850801,8.227365,5.02041,5.4821258,7.1977973,3.6724913,1
7.934379,7.499482,2.1015632,-0.5846402,6.167911,0.56388813,2.689016,8.02887,5.044701,5.577709,7.0885878,3.7848022,1
7.9992676,8.078732,2.2261992,-0.57139254,6.669139,1.2448688,2.9133847,8.490099,5.360113,5.7243032,6.5643444,4.210367,1
8.158181,6.5526567,2.4261284,1.1707875,5.2984734,0.9594274,3.5362754,6.8396006,5.441392,5.8447433,6.6796403,4.038339,1
8.141416,6.564186,2.2183564,0.7074431,5.3645344,0.4880261,3.0112412,7.0467305,5.151529,5.7046394,7.07644,3.7931142,1
8.4610405,7.305744,3.2088609,-0.91490704,6.3644986,0.82050896,2.2730296,8.000003,6.199122,5.057253,6.752396,3.4929578,0
8.4967165,6.700587,0.34327993,2.1268423,4.8801403,-0.09103933,3.8040822,6.5105505,5.640622,6.368356,6.895106,4.4265857,0
8.348011,7.325751,1.3170558,0.86311424,5.9890556,0.61192596,2.7827473,7.8200936,4.681356,6.5265446,7.098362,3.827824,1
8.891008,6.95515,2.8876894,-0.3419048,6.4210863,0.58820665,2.6311755,7.924151,5.355461,5.5903378,7.139598,3.3050277,1
8.598574,7.1516047,3.0729303,-0.74200475,6.4213333,0.7147857,2.3315794,8.02985,5.5178347,5.327883,7.0892267,3.4656777,1
7.9972844,6.6773014,1.960656,1.884423,5.0715737,1.2432702,3.5760715,6.7976656,5.533116,6.0162163,6.235235,4.5949016,1
8.127251,7.138253,3.0738335,-0.8274904,5.9895406,0.65995723,2.2684157,7.7116957,6.053212,4.959109,6.85974,3.5687377,0
8.075035,7.459417,1.8772602,-0.23538223,6.144283,0.48210287,2.6169477,7.93667,4.964449,6.026626,7.255449,3.4993672,1
8.005895,7.437815,2.0280929,-0.37572816,6.1055846,0.5430501,2.644032,7.9492626,5.076548,5.722162,7.1018205,3.6939292,1
7.9536896,6.6994853,2.3931384,1.5477924,5.165471,1.3649465,3.5588176,6.781847,5.5408154,5.940565,6.3916125,4.4357934,0
8.279491,7.0996766,1.8448013,0.4540307,5.845161,0.47735053,2.6416342,7.5725446,5.108839,6.1854177,7.167581,3.4433455,0
8.183822,7.807643,2.8734524,-1.0253066,6.5681562,1.0669259,2.4226258,8.31436,6.152599,5.1835012,6.5256042,3.7989933,0
7.9602437,7.5219536,2.29248,0.19630027,5.973193,1.261424,2.589441,7.895277,5.66748,5.4680324,6.3838153,4.4756455,0
7.818328,7.560486,1.9032702,-0.23599018,5.9851546,0.67372054,2.521684,7.9212103,5.2483125,5.7319884,6.9424396,3.86276,1
7.7938027,6.754552,2.6114194,0.6344993,5.2650824,0.97930235,3.353102,6.924266,5.8091483,5.3223333,6.520713,4.2404985,1
8.489852,7.6774282,2.36209,-1.1806753,7.0097685,0.5271247,3.1426587,8.566958,4.2836065,5.953991,7.5187683,3.3819172,1
8.622462,7.2920704,1.8927462,0.41853482,6.207984,0.62427753,2.474615,7.910677,5.253082,6.2729936,7.017628,3.4213176,1
9.418281,7.02044,3.9986558,-0.03679989,6.8768177,1.8089372,1.5689269,8.403395,5.0734015,5.503837,6.968668,4.262721,0
7.898255,8.076239,2.4860032,-0.62985575,6.470395,1.3757634,2.6819506,8.331312,6.1633472,5.3233147,6.1812296,4.2707634,1
8.145339,7.722675,2.3344798,-1.1466355,6.731209,0.6078556,3.0079224,8.406014,4.6762695,5.712894,7.3156986,3.592385,0
8.164236,7.668171,1.509317,0.52563494,6.1741123,0.91626877,2.8053975,8.0217495,5.024658,6.4062715,6.8078356,3.9456923,1
9.440277,7.0643463,4.002161,0.054440606,6.898028,1.9134984,1.5049435,8.45562,5.0335994,5.528879,6.91662,4.3805785,1
8.051989,7.2645397,1.8918911,-0.09707895,5.9992347,0.46763727,2.8129656,7.8093495,4.774521,5.879365,7.2304506,3.7107334,0
7.885652,7.819844,2.4843059,-1.359006,6.6174064,0.71426225,2.7853005,8.407198,5.0281653,5.357695,7.1257186,3.804619,0
9.153475,6.7886453,4.054492,0.028410537,6.51569,1.7489511,1.3868052,8.142996,4.9420877,5.2626157,7.051722,4.412657,0
8.661248,7.331475,1.8808976,0.41688263,6.2603836,0.6551013,2.4308097,7.9682336,5.230365,6.308287,7.015555,3.4314122,1
8.590348,7.484302,2.3712664,-0.97157687,6.8841877,0.46183795,3.131366,8.410987,4.3386655,5.9804554,7.543856,3.3129911,0
7.909631,7.883781,2.094671,-0.27403992,6.300344,1.1492579,2.54392,8.25447,5.5072694,5.6106143,6.5307484,4.2772,0
8.7523985,7.1981797,2.8325696,-0.7689238,6.6390986,0.5666656,2.7369847,8.155284,5.0755167,5.615612,7.2859163,3.2951756,1
7.7836823,7.706801,2.4582376,-0.74831164,6.1325955,0.9359288,2.1254134,8.126435,5.7964406,5.1558976,6.6557503,4.091043,1
8.334994,6.716423,3.0498762,0.30613005,5.6920514,0.96252084,3.2817066,7.137061,5.8354774,5.429081,6.6976194,3.7480364,1
8.3580065,7.372805,2.2341614,-0.627864,6.475178,0.4360753,2.9725175,8.121615,4.6070204,5.897186,7.42955,3.3904157,0
8.499303,7.2859893,3.3345485,-0.94397664,6.3617287,0.8600164,2.2852256,7.9704943,6.3499675,4.97153,6.6767683,3.4819834,0
8.17673,6.906336,1.613961,1.9687713,5.3509126,1.2778983,3.8287218,6.9920526,5.2750697,6.42959,6.2549944,4.564583,1
7.9671617,6.994564,2.2292328,1.3215594,5.397134,1.4063991,3.5769265,7.1108174,5.825825,5.7027717,6.0632143,4.681433,1
8.697396,6.752211,3.1525402,-0.22524501,6.003014,0.61221665,2.512682,7.5062714,5.9683514,5.3070846,6.937292,3.2850292,1
8.696679,7.767713,2.5534585,-0.08202442,6.6896954,1.2873538,2.6366036,8.303885,6.0818067,5.8554816,6.356338,3.766652,1
7.904583,7.5415745,1.639263,-0.113364615,6.0495534,0.49581495,2.607218,7.924774,4.8618755,6.103516,7.2367663,3.635013,1
8.156099,7.1110644,1.4751934,2.0796807,5.4425664,1.4482607,3.6658528,7.184772,5.311877,6.552735,6.076243,4.672902,1
9.178089,6.7023883,4.077987,0.19248694,6.433894,1.8060925,1.3820902,8.0622,4.8698416,5.2711697,7.0483356,4.487526,0
8.326864,7.6019416,1.8843966,-0.383768,6.5830708,0.62085474,3.0475764,8.268261,4.454614,6.21164,7.308435,3.6211772,1
7.9217405,6.6574135,2.0907335,2.131124,4.9571524,1.5031346,4.010899,6.5544376,5.6240916,6.1531744,6.0954037,4.668453,0
8.999208,6.8947926,2.9829574,-0.3682831,6.4784884,0.5754228,2.6761336,7.926307,5.3023524,5.6016636,7.193627,3.2337878,0
8.231921,6.8826413,1.7704756,0.95972484,5.6008143,0.65627676,2.987452,7.372558,4.914154,6.0670204,6.9554214,4.0016294,1
8.488926,7.5432086,1.9166981,0.62609124,6.30161,1.1476494,2.7367027,8.064719,5.2715025,6.220074,6.6095905,4.072164,0
7.5486126,7.4367747,2.7372725,-0.84986985,5.887362,0.85807604,2.5610306,7.76231,5.737625,4.92663,6.7596006,4.095581,1
7.9187794,7.678191,1.4506464,0.002985488,6.066049,0.54730046,2.420845,8.02601,4.996436,6.172954,7.110236,3.6980774,0
8.421325,7.6508474,2.4138532,-1.1343803,6.8905573,0.5586868,3.088787,8.460687,4.55242,5.826335,7.416473,3.4202006,1
8.251394,7.4905066,1.3008775,0.6722128,6.0445013,0.63591677,2.6106505,7.908248,4.871103,6.5593596,7.0531263,3.688711,0
7.934352,6.676461,2.5945287,0.20592563,5.3888054,0.58163637,2.817915,7.096183,5.4723597,5.326745,6.996443,3.8425653,1
7.545572,7.8771114,2.4868064,-1.1423298,6.257492,0.9574401,2.4728253,8.229858,5.599996,5.04906,6.717213,4.1843424,0
8.793767,7.367874,3.433073,-0.8853067,6.8966537,1.2063513,2.4311407,8.417872,5.076308,5.4454226,7.114272,3.8064332,1
8.425594,7.524581,3.259214,-1.1532829,6.487167,0.8936604,2.260242,8.139949,6.5762672,4.939691,6.534281,3.4686017,0
8.571436,7.331651,1.8438047,0.45760822,6.1825113,0.65748614,2.5233922,7.8983555,5.245897,6.3099804,6.9849143,3.4634519,0
8.28234,7.2098727,2.7823396,-0.26791394,6.0738993,0.88092715,2.5885189,7.761463,5.885172,5.3344903,6.6915355,3.7706091,1
7.684538,7.0860567,2.281768,-0.24202283,5.5703993,0.4987756,2.5051754,7.435141,5.3484015,5.333367,7.109256,3.8952336,1
8.406117,7.6418333,1.4081969,0.6129097,6.2990427,0.8222324,2.5460067,8.147545,4.839614,6.5918827,6.986257,3.7977002,1
8.491796,7.673568,2.4933367,-1.2194073,7.018706,0.6351465,3.0464325,8.587041,4.5117946,5.845533,7.43285,3.4732666,1
8.238795,7.1146536,2.7511628,-0.41713393,6.0020146,0.6614371,2.3830886,7.7223716,5.705381,5.3208437,6.9410057,3.5981197,0
8.075804,6.9207807,1.5514513,2.383583,5.1764197,1.537637,3.882335,6.8838344,5.3984094,6.5136952,5.9518857,4.807406,1
8.390581,6.9700108,1.9132831,0.8242577,5.81459,0.7473531,2.8325238,7.5828505,4.9405727,6.020007,6.9332376,4.0195856,1
7.885865,6.5858,2.053564,1.9777994,4.8830047,1.2821857,3.781029,6.569995,5.6816216,5.9209228,6.1629176,4.6473923,1
8.147188,6.6470265,2.150269,0.6013251,5.46073,0.4382045,2.9673622,7.143474,5.0398912,5.8067694,7.1745014,3.6726253,0
8.82861,7.225984,3.625946,-1.0627867,6.47936,0.8109746,2.2412202,7.986829,6.746278,4.875069,6.618942,3.2265642,1
8.38371,7.8709464,2.3895268,0.025830153,6.555971,1.4355395,2.7028794,8.294085,5.9078903,5.804584,6.2704015,4.1582355,1
7.617632,7.799238,2.628998,-0.5946659,6.1423473,1.313573,2.8555572,8.019982,5.95145,5.078149,6.2940197,4.472791,0
8.314004,6.9101496,1.7582943,1.1408079,5.6656203,0.805101,3.364072,7.3256745,4.9346814,6.2296023,6.8353095,4.088003,0
7.5728326,8.1172085,2.3450506,-0.9984429,6.329686,1.1436307,2.3830392,8.347649,6.004971,5.126074,6.390682,4.2608066,1
7.876323,6.584796,2.3376036,1.5119659,5.035737,1.1783426,3.5549698,6.654829,5.5117364,5.9170403,6.5211973,4.2963157,1
8.004525,6.698628,2.4480317,1.5597056,5.209775,1.4133483,3.4536326,6.831289,5.470335,5.9776616,6.42976,4.4439545,0
9.552594,7.140931,3.4768295,0.6397016,6.9776015,1.9391327,1.5333889,8.566173,4.5830164,6.0697517,7.0209928,4.463482,0
8.523345,7.658834,2.3277354,-1.1538742,7.0279465,0.4958596,3.1651468,8.5758,4.219554,6.01227,7.5671015,3.3522334,1
8.220036,6.9164977,1.716219,1.0138453,5.6052537,0.7027612,3.0088646,7.3899274,4.8584094,6.125159,6.9265137,4.0462995,0
8.059008,8.043836,2.1410382,-0.15688583,6.528503,1.3936099,2.7563705,8.398605,5.593662,5.780904,6.3529606,4.353648,0
8.052231,7.767105,2.513198,-1.3208514,6.7196445,0.6874564,2.8952622,8.42471,4.870083,5.473698,7.215357,3.684185,0
8.063398,7.9704213,2.5874166,-0.5491449,6.675589,1.4221398,3.1657312,8.388017,5.574899,5.5678673,6.3957076,4.3121743,0
8.091237,7.4283047,1.2761333,0.5699668,5.941914,0.5034216,2.6712248,7.839338,4.6446376,6.4291124,7.2026486,3.7427478,0
8.082191,6.671687,1.7914536,2.0367393,5.0786915,1.2141824,3.624523,6.8461285,5.587476,5.985153,6.0840445,4.73757,1
7.9655375,7.823401,2.865623,-0.887969,6.4023786,1.2172732,2.6401365,8.178214,6.281926,5.0589013,6.316353,4.0601945,0
8.083643,7.485472,2.4885125,-1.0747267,6.5384183,0.5361633,3.1371112,8.1537895,4.6194224,5.6237893,7.4262886,3.535603,1
7.913653,6.578119,2.1544952,1.5777476,4.9751835,1.0756205,3.6577156,6.6677756,5.7705817,5.6511183,6.253837,4.5344377,1
7.90192,6.476816,2.255089,1.6085857,4.950579,1.0599967,3.7085562,6.5140166,5.4515095,6.005527,6.607943,4.167655,0
7.7923155,7.424804,1.6856698,-0.113647,5.864586,0.41137984,2.5203145,7.7698445,4.9354343,5.9833164,7.271261,3.606203,0
8.394303,7.456191,1.3077567,0.7342504,6.147503,0.64185685,2.7051272,7.955297,4.671473,6.659194,7.1313734,3.6825218,0
8.607151,7.707145,3.0497928,-0.7972121,6.762994,1.1674466,2.5619426,8.349752,6.1899195,5.3705506,6.4768395,3.65954,0
8.506442,7.7350655,2.3226943,-1.2366878,7.0988636,0.5049621,3.1822078,8.652895,4.149438,6.025948,7.5865793,3.3565044,0
7.9087186,6.5956197,2.0526745,2.2034287,4.8834333,1.45597,4.046128,6.4739356,5.599146,6.185075,6.126499,4.637174,1
8.35536,6.473517,2.414211,0.64894444,5.4745417,0.50638187,2.9701893,7.119093,5.181521,5.580917,7.0517316,3.8104463,1
8.304116,6.816724,1.75322,0.9364203,5.6083803,0.53910273,2.938578,7.367786,4.867557,6.076459,7.059095,3.901061,0
8.455103,7.1544037,2.9273171,-0.5512999,6.2157764,0.7120926,2.3139973,7.874193,5.7763295,5.316591,6.9368634,3.50296,0
8.408535,7.515444,1.3042932,0.76381713,6.1938047,0.7196301,2.6457853,8.036908,4.6705127,6.638647,7.075015,3.8012316,0
7.677696,7.2880664,2.565225,-0.61362594,5.7960525,0.69526744,2.204105,7.7126503,5.517534,5.1365223,6.990199,3.9551215,1
7.93617,6.718576,2.2794554,1.7607081,5.1052675,1.44675,3.7007856,6.7323184,5.5961432,5.9960666,6.2454705,4.5687265,1
8.606946,6.679308,0.06471285,2.277392,4.7639403,-0.2697265,3.9286115,6.3833504,5.6937504,6.5121055,6.892007,4.512209,0
8.522492,6.6909103,0.24899624,2.163035,4.850718,-0.1491584,3.836328,6.477747,5.628982,6.4126782,6.9041095,4.438831,1
9.292087,6.885536,3.9740386,-0.15451843,6.7102766,1.5956652,1.6959559,8.220377,5.045986,5.4207554,7.0827446,4.0858264,0
9.455871,6.7674975,4.172544,0.39822337,6.6663613,2.0266817,1.475985,8.198217,4.7704167,5.530757,7.004884,4.5325594,0
7.502286,7.8892527,2.4447803,-1.0749002,6.173771,0.96750957,2.3514707,8.190829,5.7631016,5.019339,6.634915,4.1982775,0
9.02967,6.9145155,3.034531,-0.46078065,6.5470896,0.57484686,2.7102597,7.974415,5.2633047,5.594077,7.2292438,3.2003105,0
9.370605,7.3081465,3.2846758,0.45591658,6.9962,1.8363582,1.8037931,8.5929785,4.72058,6.068008,6.9376893,4.383513,1
8.169464,7.046153,1.6664935,0.6822855,5.7447314,0.5672012,2.9299989,7.5412273,4.7601337,6.1115646,7.091786,3.906138,0
8.093805,7.749193,1.3621571,0.115124375,6.269828,0.6416966,2.6268044,8.16384,4.737541,6.4272623,7.130697,3.7299397,1
8.489512,6.6701503,0.33296028,2.1326048,4.8634715,-0.08944039,3.8302503,6.495542,5.629312,6.3954577,6.8687625,4.4426193,1
8.357557,7.371681,3.1978414,-1.0605696,6.520423,0.872444,2.6618075,8.09532,5.6203456,5.175412,6.9513187,3.6117651,0
8.138675,6.834475,2.043406,1.2443758,5.431607,1.0292072,3.2802644,7.17331,5.389327,5.830256,6.48381,4.3927274,1
8.312803,7.532902,2.0862784,-0.6781261,6.611336,0.50580496,3.0537946,8.260029,4.44607,6.025717,7.4250116,3.4957695,1
8.25488,7.3454576,1.9631158,-0.23574512,6.300946,0.5143569,2.9806075,8.007698,4.5262027,6.0387063,7.3400693,3.6259625,1
8.909387,6.8790836,3.6001837,0.2894266,6.3145833,1.6570077,1.6460096,8.036392,4.9737005,5.367864,6.915833,4.5245633,0
7.995308,6.6201444,2.0069191,1.7523102,5.0220942,1.1275324,3.684902,6.7460413,5.763492,5.729297,6.130967,4.648124,1
7.769256,7.357496,1.8395952,-0.22922528,5.8241086,0.41725522,2.4748611,7.751308,5.0199866,5.761674,7.2158933,3.6902108,1
7.928261,7.035937,2.3570206,0.75372344,5.487529,1.1591378,3.2092683,7.254851,5.8690324,5.4135265,6.2747498,4.5027,1
8.827386,6.8663955,2.867983,-0.21219933,6.2481174,0.5608654,2.5325916,7.782883,5.45222,5.5551353,7.1188335,3.3214488,1
8.229008,6.500212,2.2303638,0.75280917,5.3722224,0.4611651,3.0099378,7.0428815,5.132179,5.6889462,7.084791,3.8031464,1
8.607219,7.5753126,3.3071692,-0.9412147,6.8669553,1.263437,2.4959912,8.445606,5.428386,5.360358,6.8640056,3.8836312,0
8.333052,7.4784923,2.5671833,-0.8294288,6.500072,0.6436402,2.6848433,8.183981,5.3701816,5.4891677,7.018233,3.5419495,1
8.098349,7.313482,2.0901532,-0.43218425,6.1579876,0.44941565,2.8585458,7.9280863,4.8274007,5.724537,7.242524,3.6372666,0
8.205118,7.2968717,3.0948915,-0.98628235,6.1595287,0.69852155,2.1153233,7.901971,6.209029,4.942751,6.7814703,3.521396,1
8.249415,7.868067,2.148164,0.1895928,6.456547,1.4206369,2.6857388,8.293231,5.5514517,5.894649,6.36441,4.3532825,0
8.24079,7.860679,2.9005497,-1.0420481,6.6100445,1.105927,2.3752966,8.354192,6.3324585,5.1688924,6.429352,3.7684565,1
8.156011,7.547863,1.3592179,0.6221256,6.036211,0.73131764,2.6652021,7.9190655,4.928506,6.470836,6.9570794,3.8117821,0
8.150094,7.400795,2.417035,-0.9030847,6.474308,0.49313614,3.1253324,8.084549,4.592517,5.708059,7.445551,3.4943123,1
8.4321575,7.5167956,2.2843826,-0.9044441,6.7668314,0.4919057,3.103923,8.34974,4.4046574,5.9503107,7.488108,3.4115112,1
7.88759,7.994267,2.573223,-0.5877665,6.5343795,1.4292519,3.046695,8.322058,5.7468667,5.402454,6.3089814,4.405101,0
7.8752627,6.511149,2.3011496,1.3644575,5.0295825,0.98308617,3.516855,6.624565,5.4168525,5.9428306,6.7309136,4.0749598,1
7.862484,7.5154085,2.678369,-0.6794062,6.114589,0.94515806,2.332561,7.9805946,5.717756,5.1521993,6.7425237,4.0504546,0
7.898997,7.4770403,2.9645226,-0.56008464,6.082834,1.170799,2.947251,7.7780647,6.2297707,5.021753,6.348049,4.104387,1
8.995424,7.4057517,3.3713546,-0.2698963,6.9669256,1.587786,2.16338,8.551621,4.8914695,5.693661,6.9664483,4.207429,0
7.5298414,8.006673,2.0921865,-0.8024333,6.166755,0.96543896,2.2734935,8.248339,5.7319927,5.279572,6.585378,4.2018433,1
8.004728,6.7212324,1.7924567,2.1538453,5.03827,1.3511614,3.7670822,6.783236,5.628336,6.0580974,5.986111,4.8066034,1
7.528632,7.850702,2.2981732,-0.91958696,6.1213236,0.9016403,2.3144472,8.155837,5.666305,5.14285,6.693552,4.1584888,1
7.892914,6.7041116,2.3805785,0.2870136,5.367873,0.48597988,2.8783655,7.0746937,5.279497,5.542748,7.130394,3.717574,0
9.348091,7.139032,3.2385538,0.5610289,6.8738766,1.7322336,1.7533494,8.498142,4.5123744,6.046859,7.0653815,4.3864484,1
8.344091,7.4150696,1.9966022,-0.39994502,6.47562,0.4908605,3.0821059,8.123343,4.447996,6.099682,7.4038577,3.5145783,1
8.041402,7.929929,2.6932783,-0.65928096,6.6806493,1.3942537,3.213442,8.367674,5.56024,5.4886394,6.440144,4.2885556,1
8.080278,7.27384,2.046702,1.231197,5.7465577,1.5227503,3.635156,7.448888,5.5680346,5.9986525,6.0679755,4.714653,1
9.211054,7.0255184,3.895117,-0.019040272,6.710411,1.771656,1.5423689,8.322417,5.136534,5.3823347,6.904927,4.367542,0
8.53874,7.124405,3.2467346,-0.6914071,6.529707,0.9630041,2.901632,7.988008,4.9116435,5.505526,7.2512903,3.6765206,0
9.465034,7.0527277,3.585552,0.7512701,6.833799,2.0466027,1.7196444,8.397867,4.6328316,5.9877653,6.9105444,4.588145,0
8.68936,7.1347666,3.4707174,-0.8899007,6.345483,0.7882148,2.2610633,7.890439,6.4454436,4.9640365,6.7177277,3.32602,1
7.6503115,8.227868,2.1952372,-0.9453289,6.4247584,1.1436167,2.3398168,8.451492,6.0077634,5.286184,6.376888,4.1919813,0
8.000651,6.5643506,2.5668,0.4694536,5.301553,0.61806947,2.9729972,6.983546,5.533192,5.3445196,6.8871117,3.9082873,1
9.44873,7.046855,3.9829488,0.061839767,6.8991055,1.8892866,1.5117117,8.447854,5.015786,5.5487127,6.942986,4.354789,0
8.591144,6.7244987,3.036147,-0.13338761,5.895417,0.57468325,2.54959,7.4227414,5.879394,5.3540673,6.9760766,3.319473,0
7.951027,7.0181904,2.058802,0.02913766,5.6957045,0.3783031,2.7239351,7.4676814,5.0824804,5.739937,7.2361336,3.600542,0
8.478162,7.666783,3.1777477,-1.092326,6.662233,1.0421104,2.344373,8.310829,6.382723,5.125158,6.5244913,3.5805864,1
9.351455,7.049658,3.9759402,0.10134407,6.8062525,1.9284321,1.5382748,8.388335,5.02105,5.479531,6.890484,4.4515786,0
8.515811,7.9871287,2.0948246,0.2976274,6.667578,1.474045,2.8482263,8.370436,5.8202047,6.1430616,6.2327213,4.1030436,1
7.991306,6.720437,1.7629876,2.3723626,4.981419,1.4910575,3.9954562,6.638277,5.5003777,6.3478084,6.0098257,4.758827,0
8.094536,6.8526783,1.6325259,2.278677,5.178617,1.4659051,3.9561818,6.8279095,5.34849,6.482392,6.064922,4.720656,1
8.779041,7.1315155,2.6277926,-0.6885793,6.6559286,0.4300706,3.0313082,8.121122,4.6605105,5.8271546,7.480116,3.219241,1
8.303236,7.3929706,2.1835961,-0.64507854,6.4902105,0.45255545,3.0598707,8.124995,4.5232873,5.917483,7.434097,3.4603162,1
7.9596834,7.7484965,2.5506928,-0.116468,6.226324,1.4610116,2.8853188,8.042509,5.9731565,5.370584,6.173128,4.488141,1
9.309616,6.6679935,4.0988903,0.24685614,6.5086303,1.8000659,1.3027068,8.119533,4.682573,5.400539,7.1710835,4.4330907,1
9.608554,6.9916167,3.7521095,0.4613701,6.9454646,1.8790208,1.4012023,8.510513,4.5263557,5.9301634,7.1638103,4.3530416,0
7.7372913,7.822786,2.4719942,-0.9524562,6.226982,0.9254894,2.2242408,8.202737,5.868018,5.119825,6.631887,4.0366964,0
8.025146,6.56076,2.4116926,0.5891689,5.301872,0.56068254,3.0328763,6.9725575,5.3714542,5.5160027,6.9765577,3.8444479,1
7.9862576,6.6966257,1.9784813,1.7624232,5.1181993,1.1885874,3.5160265,6.825891,5.441071,6.0856705,6.3730855,4.4468217,1
7.8470817,7.2361717,1.9615366,-0.13670868,5.7958426,0.42755523,2.604278,7.6322665,5.025666,5.8011765,7.2544594,3.6173472,1
9.099235,7.1877875,2.9934576,0.5911805,6.6680617,1.624604,1.9435605,8.350147,4.6890736,5.9930687,6.939357,4.408418,1
9.249626,7.157622,3.1094334,0.4936427,6.8184433,1.5998006,1.8686626,8.452714,4.538048,6.0423684,7.0828176,4.297792,0
9.2085705,6.680651,4.0563593,0.17804988,6.4463315,1.7445354,1.3439589,8.079784,4.765445,5.3311114,7.14059,4.4237933,1
8.3670225,7.372867,2.918651,-0.7921342,6.37001,0.7880362,2.421115,8.038017,5.8480883,5.2646832,6.8427844,3.5589805,1
8.0889635,6.8103986,1.6775882,2.0437076,5.177584,1.2843183,3.636743,6.9495964,5.4957075,6.1435633,6.075214,4.7348714,0
8.16887,7.688572,1.3286767,0.30603713,6.236327,0.6527133,2.6242936,8.121225,4.7449546,6.48923,7.108058,3.7338943,1
7.9877644,8.069025,2.286669,-0.55966187,6.61238,1.2792706,2.775089,8.461676,5.549699,5.6261067,6.480283,4.2389383,1
7.9638486,7.6498995,1.5822775,-0.04454944,6.0856094,0.58683586,2.3846507,8.031594,5.0871215,6.0885057,7.0662208,3.700142,0
9.408813,6.6248727,4.2016854,0.6015945,6.5045123,2.0758638,1.5973276,8.014902,4.6889014,5.5572023,7.002184,4.6009955,0
7.8011622,7.3144855,2.9624066,-0.6325091,5.9382815,0.9842498,2.8820693,7.646813,5.9971714,4.9781857,6.586374,4.0201797,1
9.472887,6.6322966,4.2636285,0.31820342,6.6005406,1.9330955,1.3433515,8.135767,4.6526666,5.4664545,7.157742,4.4404488,0
7.875256,6.563683,2.0268197,2.1941395,4.8193417,1.3922502,3.9963698,6.4439244,5.635449,6.103421,6.1291666,4.6524873,1
8.085466,7.492654,2.4593332,-1.0696124,6.5433,0.5257677,3.1444213,8.16198,4.5947337,5.643398,7.4346347,3.5328407,1
7.851605,6.603324,2.3959033,1.2845384,5.071942,1.0869465,3.4536674,6.7045984,5.533521,5.7980833,6.586492,4.228498,1
8.267201,7.7025824,1.5016377,0.3327079,6.363038,0.833327,2.9183738,8.15897,4.7609777,6.4741793,6.9671745,3.8544753,0
9.33243,7.1565785,3.1915987,0.5735335,6.865137,1.7098894,1.7666061,8.4964485,4.519992,6.0689383,7.0616035,4.3733954,1
8.275133,6.9777517,1.626954,0.8428799,5.712768,0.5296724,2.8666146,7.501008,4.796529,6.201742,7.1076484,3.8308442,1
8.588811,7.956396,2.246624,0.15928191,6.709487,1.447456,2.7735193,8.383736,5.960175,6.0451074,6.2340045,3.9981403,1
9.158623,6.706029,3.9554596,0.32015643,6.3970385,1.7930462,1.4702342,8.037227,4.8025064,5.364555,7.043675,4.513818,0
8.0077715,6.620329,1.9700367,1.9370105,5.0203123,1.2317778,3.7872493,6.7042756,5.675211,5.9278235,6.1244493,4.648134,1
7.949936,6.7698917,1.9956179,1.606826,5.12912,1.1779014,3.5388534,6.8969216,5.7500257,5.7219305,6.1369534,4.675255,1
9.471098,6.8481517,4.1624856,0.24439526,6.757067,1.9729402,1.3525574,8.31957,4.7724285,5.495612,7.051859,4.474535,0
9.165926,6.799891,3.7654603,0.41002044,6.4625144,1.7803663,1.5083361,8.129087,4.728232,5.492775,7.0336432,4.538207,0
8.274029,6.8751693,2.9540596,-0.26279458,5.8153377,0.6553256,2.471579,7.462105,5.8539925,5.2245107,6.919781,3.5634441,0
8.166107,7.801995,2.842713,-0.6378373,6.664193,1.384784,3.0340102,8.339446,5.540405,5.4422226,6.5199094,4.2399225,0
8.053822,6.6255584,1.9520725,2.1486027,5.0347724,1.3773799,4.007266,6.6355567,5.595642,6.169294,6.0890355,4.6437745,1
8.261831,7.4991775,1.2092904,0.6904853,6.05113,0.588746,2.5963652,7.9215803,4.765301,6.64134,7.126557,3.6506891,1
8.630865,7.528574,3.3405824,-0.99185824,6.875066,1.2213849,2.4230416,8.456856,5.3174295,5.3566275,6.9648733,3.8543794,1
8.938916,6.865545,2.8231046,-0.34995222,6.4346533,0.46336457,2.8256295,7.883768,5.0923376,5.6855655,7.307794,3.2058635,1
7.8965135,7.070201,1.9994622,0.07926032,5.6758676,0.47905296,2.730629,7.525191,5.0616593,5.636364,7.0959187,3.8502197,1
8.725539,7.2038417,3.5337775,-1.0108817,6.4101033,0.7992773,2.2388484,7.9515,6.627653,4.9098673,6.6663,3.2949638,1
7.8894677,7.242593,1.9606147,-0.12182834,5.8306007,0.48128834,2.6178625,7.7118764,5.006137,5.691843,7.142452,3.7857597,0
9.512327,7.265484,3.3957868,0.5990348,7.0387015,1.9684062,1.6361158,8.629893,4.6463847,6.130605,6.952899,4.466546,0
8.548595,6.7306576,2.87607,-0.06603113,5.8709044,0.50583506,2.5947685,7.4087844,5.7201734,5.4837437,7.065865,3.279735,0
8.070028,7.878142,2.710474,-0.6962553,6.681801,1.3353492,3.2266598,8.346038,5.496413,5.49834,6.506686,4.228475,0
8.068017,7.5982857,1.4137405,0.20153537,6.083975,0.5459065,2.4637494,8.000655,4.9176955,6.3179193,7.1342278,3.6396527,1
9.505768,7.1926737,3.2923563,0.65860105,6.979416,1.8440603,1.5918782,8.59179,4.522095,6.1659155,7.0582213,4.4009886,1
7.7075963,8.22297,2.1353157,-0.7629671,6.43076,1.2129589,2.3674314,8.455684,5.9322515,5.3965187,6.349838,4.2606754,1
7.8821044,6.7489676,2.0773995,0.55421954,5.334394,0.44435695,2.9812117,7.0264726,5.1173,5.9030275,7.215608,3.5906882,1
8.194448,6.7126713,2.9959118,0.3041965,5.714421,1.0238781,3.1950943,7.209665,5.143148,5.592339,7.016568,3.9309366,0
8.871209,6.927176,3.7686543,-0.28466728,6.4175453,1.4175115,1.6752889,8.068583,5.2270565,5.185139,7.015674,4.146789,0
8.038174,6.7191753,2.3058908,1.5964979,5.228855,1.3504171,3.4397106,6.887443,5.4560695,5.983896,6.396638,4.4733686,0
7.7419333,7.468997,1.7115653,-0.22828165,5.8893256,0.41526806,2.4893003,7.8117094,4.941921,5.9181466,7.272457,3.6349835,0
8.013019,7.614928,2.6096895,0.080721505,6.115332,1.4779065,3.0405085,7.873132,6.101343,5.3721943,6.092453,4.4806447,0
7.714974,7.4762893,2.7924852,-0.8182871,6.021388,0.9769552,2.0662203,7.988791,5.471424,4.988994,6.8681493,4.214338,1
7.9542823,7.796187,2.9195158,-0.86433727,6.382676,1.2513616,2.7212412,8.135094,6.3044567,5.0342917,6.2877665,4.089953,1
8.741126,7.4037423,3.415921,-0.9977475,6.8804927,1.1266363,2.5510256,8.376168,5.2448416,5.385621,7.0584607,3.6997752,1
8.056879,6.778328,2.1956654,1.1087464,5.357118,0.9973548,3.3194003,7.076913,5.535612,5.657836,6.472002,4.3653345,1
9.04556,7.007328,3.833139,-0.06794831,6.5786977,1.6975113,1.5651858,8.231519,5.2007737,5.2767572,6.885936,4.387327,1
9.487173,6.640898,4.246005,0.5965508,6.57324,2.1165438,1.5752425,8.0616665,4.6851745,5.587441,7.001433,4.591701,1
8.5064535,7.700886,2.3376553,-1.2007657,7.057514,0.5131689,3.1645179,8.612157,4.214032,6.0011992,7.5608654,3.366485,1
7.616258,7.2969403,2.5953012,-0.7704988,5.794349,0.6413594,2.3917673,7.7038984,5.5438986,5.024107,6.962241,3.9298444,1
8.848939,7.03826,2.6222126,-0.57790804,6.5856647,0.38572475,3.0291195,8.037557,4.713655,5.845445,7.47464,3.1687284,0
8.219102,7.7381907,1.5418644,0.3697938,6.309533,0.905071,2.8099911,8.143397,4.986872,6.3876233,6.8328013,3.914048,0
7.943094,6.5768847,2.0618904,2.1255593,4.9262834,1.3839539,4.0016646,6.5007844,5.5401745,6.199521,6.2111363,4.546543,1
8.438461,7.681355,2.4410946,-1.0139225,6.9268336,0.7309562,2.8974135,8.548799,4.500717,5.873405,7.367262,3.5980182,0
9.526223,7.1935525,3.2922184,0.61179304,7.0033913,1.8019154,1.584031,8.61029,4.5001965,6.172296,7.0907626,4.352387,1
8.847772,7.216898,3.5282416,-0.61478204,6.7011633,1.2780621,2.0479484,8.293962,5.264734,5.3361626,7.018698,3.9211648,1
8.2598505,6.9029765,1.6707938,1.2777851,5.5749545,0.82850116,3.1034951,7.358732,4.918599,6.1972938,6.7719913,4.1754403,0
8.226025,7.6449647,2.7599995,-0.5854113,6.3880386,1.0917125,2.2587764,8.173821,6.057437,5.3120193,6.54614,3.9020967,0
8.291268,6.9184012,1.5252464,1.1215959,5.621284,0.5787632,2.976144,7.410548,4.791719,6.2830787,7.021396,3.9291437,1
8.296043,6.6132903,2.692403,0.9999488,5.4669385,1.080315,3.581975,6.930447,5.71038,5.739365,6.5325975,3.9927032,1
8.195176,6.7620044,1.6306232,1.0531867,5.3959827,0.45825186,3.1492276,7.1236234,5.049774,6.0236874,7.0157466,4.0081143,1
9.4524555,7.1495976,3.336923,0.6685691,6.9265046,1.8700844,1.7040097,8.523647,4.529329,6.1046057,7.016424,4.4530272,1
8.612512,6.7384624,0.010775888,2.2711372,4.7891273,-0.3189657,3.8880405,6.4188867,5.6360126,6.4813,6.9480567,4.4472027,1
8.353492,6.9139504,1.7512308,0.96343076,5.715608,0.6323948,2.93372,7.4833903,4.8840156,6.0948744,6.9655757,4.026875,1
8.958092,6.92383,2.8788233,-0.47354373,6.5192695,0.47943303,2.8095152,7.959898,5.1159706,5.6585174,7.3070955,3.179907,1
8.202824,7.5075197,2.8969615,-0.73701537,6.3222847,0.96858454,2.155395,8.107007,5.9816594,5.176951,6.6972938,3.8262455,1
9.4663105,6.7371473,3.8709238,0.2889349,6.663365,1.6585656,1.3328812,8.234905,4.4728518,5.7279453,7.3583627,4.179884,1
8.577725,7.147654,3.3784835,-0.8749411,6.346043,0.81030244,2.2710135,7.9259224,6.101609,5.036155,6.841477,3.4517043,0
8.91608,7.2421007,3.6625843,-1.0103896,6.558931,0.870631,2.2830973,8.027558,6.7878065,4.9165254,6.5568376,3.2036054,0
7.532923,7.915949,2.555047,-0.83270705,6.1842217,1.228915,2.6776307,8.1244955,5.9753685,5.0255184,6.3480997,4.398546,0
8.047927,6.739923,1.6810405,2.212641,5.0721445,1.3268855,3.7413585,6.8250184,5.5199614,6.1856766,6.0277867,4.7691054,1
8.354392,7.3918657,2.790559,-0.6943522,6.3703623,0.7710328,2.6210616,8.020889,5.821466,5.3416824,6.7994876,3.567719,1
9.61048,6.869002,3.8986208,0.42103535,6.864801,1.8574115,1.353825,8.4152355,4.498142,5.8348613,7.225396,4.326755,0
9.186207,6.582918,4.05138,0.2654133,6.3251553,1.7132359,1.4475968,7.9458985,4.736771,5.342486,7.1551285,4.4054704,0
9.468249,6.5829396,4.151308,0.14689392,6.575079,1.6702759,1.5669302,8.038632,4.7674317,5.5101533,7.235977,4.099309,0
7.891073,7.8598347,2.4310384,-1.3048053,6.6058702,0.7230015,2.7455611,8.408815,5.106149,5.383094,7.0758476,3.8044126,1
8.307724,6.8242226,2.902406,-0.20737371,5.791483,0.5899445,2.4821205,7.428107,5.811495,5.2690287,6.9669805,3.504271,0
7.5078545,7.870885,2.4947174,-1.0966485,6.202926,0.9979162,2.3837907,8.214223,5.677681,4.9971995,6.675091,4.250569,1
9.049075,6.938174,3.816796,-0.40217242,6.6066055,1.3671455,1.8790706,8.14138,5.1688538,5.314423,7.0985594,3.9390578,1
7.860442,6.6105976,2.4293644,1.1446415,5.112342,1.0206428,3.4336586,6.731715,5.53343,5.7524557,6.643236,4.1520534,1
7.636995,8.275518,2.1130044,-1.0054345,6.4576325,1.0975621,2.3383875,8.494066,5.950875,5.3350453,6.4215612,4.1495385,0
7.661751,7.8365493,2.3249428,-0.42296976,6.1067605,1.2295083,2.5529015,8.096065,5.797348,5.250802,6.3779635,4.4533834,1
8.172111,7.5254045,2.7473629,-0.7919343,6.3173547,0.8645137,2.1046348,8.153548,5.772757,5.2254567,6.80899,3.7938857,0
8.224083,7.5121365,2.1571782,-0.3601228,6.241291,0.63321066,2.226781,8.071733,5.376082,5.8007,7.0562606,3.5413384,1
8.145011,7.2096024,2.9113698,-0.1652319,5.9567804,1.0748506,2.835736,7.62091,6.1318774,5.19078,6.4450674,3.9939988,1
8.997934,6.8739734,3.672822,0.23133914,6.401393,1.6588418,1.578401,8.099673,4.9319067,5.38471,6.971202,4.471879,1
7.9437213,7.6224947,2.763487,-0.97660977,6.275238,0.89901906,2.2452025,8.141923,5.8704085,5.0577993,6.726787,3.9097946,0
8.78605,6.741238,2.664269,0.077491455,6.108794,0.51722366,2.7647266,7.6512523,5.181666,5.65914,7.1643124,3.4506438,0
7.6331496,8.160824,2.3603992,-1.0212715,6.3787475,1.1684084,2.333725,8.389664,6.119932,5.135508,6.3384047,4.213785,1
8.429449,7.488746,1.8403243,0.5061628,6.2113543,0.90986884,2.7292452,7.9548407,5.3218365,6.2660117,6.750568,3.7736447,1
8.016887,6.9925947,2.0693274,1.4822115,5.3979154,1.3939403,3.5469494,7.133559,5.6955366,5.841793,6.088667,4.693158,1
8.305423,7.317724,1.2778567,0.9046481,5.9532638,0.6110811,2.8218133,7.7842393,4.6505947,6.5644603,7.097119,3.8129668,0
8.031029,6.829787,1.6412525,2.4552858,5.064786,1.5705098,4.013973,6.7258773,5.4225864,6.50524,5.953414,4.805887,1
8.277187,7.51877,2.9012809,-0.7792922,6.4279943,0.9557397,2.243829,8.162481,5.7999086,5.2881236,6.7990394,3.7576463,1
8.467036,7.913299,2.1099513,0.37811577,6.5738726,1.4811177,2.869257,8.292476,5.7812734,6.1070404,6.22855,4.1790113,1
8.642977,7.904608,2.4224257,-0.004713741,6.740632,1.4000276,2.7243936,8.379691,6.056978,5.935409,6.2634797,3.8943918,1
7.9262824,6.64806,1.9392169,2.2873704,4.9040923,1.4889258,4.031407,6.530043,5.5916953,6.2266517,6.050746,4.7204347,1
7.5484385,7.430896,2.495131,-0.80454284,5.830927,0.6790525,2.2111654,7.8104286,5.5488486,5.0541186,6.9374475,3.9897087,0
8.382137,7.6489577,2.125191,0.43779668,6.3821297,1.3432806,2.6912503,8.191244,5.276141,5.9983377,6.5166564,4.338244,0
8.129599,6.843014,1.6123514,2.0534985,5.244612,1.2678623,3.6482356,7.0065775,5.393611,6.239345,6.1177177,4.700108,1
8.163896,7.5352945,2.1980848,0.27577624,6.1477847,1.2307086,2.6085138,8.0291,5.4033656,5.693936,6.5130086,4.3880906,0
8.347949,7.448007,2.7186334,-0.78467035,6.4352818,0.7355955,2.4734132,8.13553,5.6419578,5.3766346,6.9058795,3.5778463,0
9.049649,6.9945755,3.7698324,-0.45811272,6.6655345,1.3385885,2.0025399,8.179624,5.208268,5.3321953,7.0729294,3.9027374,1
7.5613427,8.104227,2.3062048,-0.968553,6.296913,1.1163651,2.3584383,8.331673,5.9749303,5.146163,6.414355,4.25379,0
8.578112,7.069403,3.3862092,-0.7232047,6.329471,0.90604943,2.1853783,7.941993,5.694413,5.1061707,6.97128,3.6543217,1
8.595024,7.474603,1.5424471,0.6699061,6.29908,0.7526117,2.429859,8.0900135,4.845304,6.597588,7.076466,3.6461651,1
8.801264,6.968097,3.166326,-0.45972785,6.34378,0.74666315,2.2195625,7.9249105,5.6029515,5.342574,7.0434513,3.457797,1
8.25066,7.4114914,3.2372289,-1.1505752,6.5118375,0.90881044,2.7374659,8.08945,5.6324763,5.103476,6.9242196,3.6787703,1
7.526589,8.091911,2.381844,-0.8752042,6.282062,1.2437476,2.5755339,8.276919,5.971531,5.1168213,6.317469,4.3960633,1
9.459125,7.0096083,4.0079403,-0.015270568,6.897839,1.8162798,1.5455974,8.417834,5.0251164,5.538527,6.992852,4.2516146,0
8.3256855,7.3189254,1.2678055,0.8953468,5.9602194,0.5925088,2.7055018,7.8273587,4.6881237,6.5440407,7.1068583,3.8137393,1
8.790628,7.108888,2.6183362,-0.6610834,6.636298,0.41351908,3.029795,8.099682,4.673996,5.830643,7.4806423,3.204436,0
8.04938,6.7725353,1.6283801,2.2703176,5.081606,1.3609599,3.7524335,6.844066,5.501697,6.237498,5.992949,4.802492,1
8.425207,7.4469714,2.1066988,0.5789165,6.247656,1.2325791,2.6476305,8.061572,5.122747,5.9905834,6.633521,4.3257866,0
7.8998003,6.474996,2.2688303,1.4691501,4.977178,0.95367396,3.6525903,6.5276604,5.390229,6.0043592,6.728168,4.0388412,0
8.111624,7.6620946,1.6738002,0.094524436,6.2460856,0.7879153,2.6789083,8.10478,4.961561,6.1609497,6.967274,3.8752182,0
9.0491705,6.6893888,3.9461265,0.11874494,6.323849,1.638037,1.4572972,7.9843063,4.849649,5.27584,7.1167192,4.3843274,1
7.985279,6.9174004,2.1338265,1.5063343,5.307948,1.3760715,3.6348174,7.0249696,5.80183,5.7615986,6.0443487,4.7048764,1
8.261131,7.093095,1.4344285,0.93027925,5.7603807,0.5390183,2.870144,7.5699553,4.711429,6.3826838,7.115814,3.8087904,0
8.1608925,7.1445613,1.807893,1.5575259,5.6378074,1.406261,3.6716065,7.3189135,5.349885,6.2644987,6.193585,4.6159644,1
8.6109085,7.9758716,2.247233,0.15253237,6.7417216,1.4592936,2.780799,8.408344,5.9709663,6.0629907,6.229046,3.9826074,1
8.410149,7.3809414,3.297178,-1.0005517,6.3758454,0.90377533,2.3015456,8.0111475,6.412225,4.945144,6.607457,3.538119,0
7.9811893,6.629598,1.8451463,2.1131306,4.9534097,1.2652721,3.7403967,6.6932592,5.641629,5.9984746,6.0682907,4.7367845,1
7.9241786,7.775306,2.552247,-1.3661064,6.595853,0.7342564,2.735784,8.382885,5.0472503,5.304006,7.130138,3.8037133,1
8.54105,7.602846,2.4599957,-0.9196147,6.937682,0.7190683,2.906488,8.526301,4.4287257,5.9382944,7.4189796,3.557836,0
8.738568,7.7429667,3.0628133,-0.6476818,6.867271,1.2901206,2.7001839,8.393565,6.169578,5.503506,6.402917,3.688973,0
7.905659,6.690689,2.095528,0.71370476,5.2842083,0.5022208,3.1130524,6.937483,5.124843,5.958319,7.1671777,3.6167777,1
7.989067,7.7104864,2.5022383,0.0003413911,6.1843014,1.4750631,2.8572836,8.008619,5.9430275,5.4204035,6.1672635,4.518702,1
8.319876,7.4087315,2.1969736,-0.7030941,6.5435505,0.45146656,3.0896697,8.161346,4.478654,5.927067,7.4604683,3.4532583,1
7.8286047,6.653071,2.5501478,0.8207529,5.1771235,0.9440953,3.3460584,6.8220377,5.6841736,5.474658,6.61159,4.1645174,1
8.027416,7.8169427,2.3434837,-0.7693668,6.5369387,0.9372021,2.6614048,8.353718,5.25003,5.5649643,6.860141,3.9630685,1
8.266147,7.1647267,1.3408657,0.9493705,5.8076105,0.5466096,2.8309963,7.643224,4.667634,6.4480667,7.1191745,3.826506,1
8.034882,6.779442,1.9009682,1.8299005,5.16509,1.2710452,3.5377223,6.9506946,5.6717095,5.857693,6.059196,4.773831,1
8.363398,6.6843686,3.048154,0.3624971,5.6810856,0.95031285,3.2868836,7.1163297,5.852752,5.434837,6.6921062,3.731703,1
8.104266,6.7767806,1.6255422,2.1587832,5.1344194,1.2802073,3.6814318,6.90248,5.4883757,6.1610417,6.041553,4.765556,1
7.8449287,6.763448,2.0367708,0.5839799,5.31217,0.4529113,2.9877431,7.0178804,5.1038265,5.923415,7.2125826,3.6128209,1
8.039473,8.00964,2.179582,-0.08969393,6.4538555,1.4221615,2.7970915,8.3112135,5.755403,5.7308655,6.2607727,4.3702955,0
8.468728,7.1117177,3.177409,-0.74342793,6.2508545,0.74814636,2.2617464,7.885421,5.8123302,5.1468506,6.9584837,3.5196373,1
7.910434,6.7079844,2.2373714,0.4337303,5.363208,0.46547604,2.9780085,7.0483418,5.163934,5.7282424,7.179419,3.6579335,0
8.5115,7.369024,2.7472332,-0.76291984,6.527388,0.66865146,2.6767702,8.131924,5.525243,5.479401,6.9862275,3.4386435,1
8.1382475,7.7312784,2.3357954,-1.1129081,6.711541,0.63733655,2.9558425,8.406761,4.7591515,5.6804056,7.2572193,3.6320736,1
8.847255,7.214387,3.648488,-1.0598137,6.4952974,0.819672,2.2478855,7.986834,6.777915,4.872832,6.599441,3.2058623,0
8.634908,6.7104883,0.023699645,2.2971134,4.7696824,-0.32000014,3.927438,6.3858504,5.689541,6.518156,6.9311223,4.486958,0
8.424233,6.981074,2.0271842,0.8381863,5.8595467,0.8872963,2.7946334,7.6323857,4.9440885,5.9544106,6.8546767,4.166163,1
7.93717,6.9758077,2.5023746,-0.22274734,5.661525,0.50732833,2.450512,7.4485273,5.467141,5.3668685,7.095031,3.6606016,1
9.252343,6.898311,3.794254,-0.266672,6.684937,1.3503753,1.9331726,8.163009,5.205813,5.430323,7.0826764,3.8409164,0
7.8964405,6.754714,2.2379997,1.3538862,5.148464,1.1780872,3.581184,6.860495,5.8475423,5.5605845,6.180429,4.5959463,1
7.9779067,6.903389,2.5221148,-0.13671678,5.6249633,0.4988588,2.5201902,7.382711,5.4700055,5.382255,7.0933957,3.6457677,1
7.8952947,7.6731477,2.5345716,-1.2964106,6.5522637,0.643157,2.971972,8.267191,4.8458047,5.4109793,7.256532,3.7165883,0
8.049714,6.535544,2.5430403,0.49565536,5.3121357,0.5816813,2.9644282,6.987139,5.474112,5.3819795,6.9295416,3.8751624,0
8.419332,6.5722933,2.3421574,0.72590345,5.576529,0.6120672,2.866012,7.267769,5.1170926,5.639962,6.9877706,3.9384491,0
7.781613,7.638793,1.6019979,-0.27706453,6.0648036,0.4631428,2.5008774,7.989563,4.8325205,6.061182,7.2867656,3.6360908,1
7.6224585,8.212504,2.1068237,-0.96076125,6.3974466,1.0610819,2.3247557,8.439309,5.901045,5.330535,6.462649,4.144822,1
9.51137,6.731217,4.2566695,0.42835557,6.6878757,2.0913014,1.4394741,8.197432,4.7423263,5.5245037,7.007418,4.567826,1
7.9378934,7.3614893,2.6248612,0.060181826,5.892646,1.2986083,2.4099162,7.8084774,5.6999598,5.208491,6.4354873,4.5457025,0
7.907901,7.4983606,1.6825736,-0.13745856,6.02568,0.47405413,2.6150894,7.899356,4.872778,6.048599,7.2391,3.6289587,1
8.087942,7.32425,2.0701444,-0.3185101,6.0966477,0.5037343,2.740714,7.9058485,4.980562,5.7064896,7.1387725,3.6923368,0
7.893321,7.707205,2.0557318,-0.3183887,6.1806498,0.9132736,2.5004501,8.132004,5.316984,5.6059847,6.758441,4.111231,1
9.586693,6.8239083,4.032939,0.3683144,6.822676,1.9072771,1.3442565,8.362697,4.569236,5.715103,7.1855083,4.3747373,1
8.222388,7.2604375,1.2957132,0.8723151,5.8539248,0.55030113,2.7947059,7.7039647,4.6591406,6.47713,7.1292686,3.804894,1
8.08765,7.1051908,1.9896604,1.5183105,5.5200367,1.4513206,3.5037193,7.251846,5.627341,6.0198708,6.093767,4.65006,1
8.015764,7.5850496,2.9631052,-0.6722276,6.261798,1.184489,2.8346267,7.9570017,6.209401,5.0815287,6.3691177,4.0401416,1
8.593513,6.6835647,0.07015106,2.2627015,4.778765,-0.27227274,3.9162912,6.3995686,5.662412,6.5058002,6.9013953,4.488876,0
8.1191435,6.901217,2.123978,0.26650038,5.6476445,0.38232046,2.6979635,7.3239093,5.1785808,5.9576716,7.280372,3.3541877,0
7.8505325,6.851091,2.4430206,0.03921554,5.471875,0.55218345,2.6134057,7.268075,5.3775487,5.3645134,7.052794,3.854572,1
9.488176,7.205426,3.4729846,0.6853536,6.96635,2.0522742,1.6947454,8.543314,4.6825886,6.070517,6.879189,4.5674124,0
7.506332,7.523626,2.727937,-0.8981519,5.932141,0.93478256,2.5224435,7.845489,5.7229924,4.8909497,6.7111855,4.204167,1
8.256554,7.649903,1.8702245,-0.49454662,6.580502,0.5762444,2.9855142,8.291991,4.4764996,6.1685376,7.341956,3.5864863,1
8.53674,6.44041,2.5379782,0.52236074,5.620214,0.46578607,2.9712973,7.1949015,5.151658,5.600946,7.129373,3.6551,1
9.36631,6.6178904,4.151843,0.5524473,6.444191,1.9999404,1.6734027,7.9471636,4.6920414,5.578852,7.0433064,4.526398,1
8.891809,6.9458995,3.788498,-0.21996047,6.4275165,1.4966251,1.639118,8.0917425,5.2245803,5.185827,6.9751306,4.2309694,1
7.9984374,7.6227026,2.6249874,0.042877465,6.1221805,1.479326,3.0160031,7.888675,6.091312,5.3449483,6.1003447,4.4936886,0
7.4721556,7.859705,2.5449665,-1.161232,6.199934,0.9992365,2.409531,8.207187,5.653804,4.9422655,6.6943903,4.2649417,1
8.232669,6.8988605,3.0893435,-0.47362942,5.836036,0.6583551,2.3091354,7.5145187,5.943407,5.0543547,6.9116225,3.582869,0
8.115696,7.4483275,3.1190515,-1.0917299,6.2901187,0.86012083,2.2680554,8.032199,6.0829716,4.9318953,6.737528,3.710019,0
7.9998684,8.030549,2.4350202,-0.7226106,6.481115,1.1904908,2.301984,8.382207,6.14011,5.3665457,6.362188,4.0470715,0
8.126092,6.723454,1.8944373,0.8019094,5.4376183,0.47796196,3.0176778,7.171394,4.9764943,5.912359,7.095891,3.8562667,1
8.377854,6.812556,1.7022086,1.0201372,5.6374683,0.53608465,2.8947117,7.407907,4.8256845,6.1262264,7.063474,3.9143586,0
8.16697,7.4070597,2.2324498,-0.77060336,6.439638,0.432724,3.074067,8.089622,4.521435,5.8196807,7.4618897,3.4853034,0
8.182052,7.6253257,2.946022,-0.5909795,6.4655547,1.2662128,2.9663453,8.109261,5.899816,5.296588,6.4521785,4.072731,0
8.151586,7.4112525,2.7409363,-1.0725443,6.532539,0.64570725,3.0895698,8.1085005,4.7801585,5.5081277,7.346226,3.5771902,1
8.748985,7.7499456,2.8349972,-0.2956937,6.759386,1.3436238,2.4635224,8.368679,6.168604,5.6667023,6.3599696,3.7881,0
8.389206,7.027324,3.4521022,-0.38071358,6.130673,1.2626857,1.8041922,7.90402,5.3200727,5.0716877,6.967385,4.218705,0
7.92874,6.6363735,2.5532637,0.5604653,5.296242,0.74368036,3.1499603,6.9571075,5.5791516,5.3881063,6.782442,4.0113287,0
7.9732113,8.052202,2.2434566,-0.51638335,6.539865,1.247806,2.6779315,8.41862,5.638743,5.6038837,6.456014,4.2141633,1
8.116027,7.129585,3.0257578,-0.19104238,5.9381266,1.1976695,2.016789,7.8173704,5.5360675,5.048118,6.7358875,4.3750467,1
7.774734,7.662459,2.592505,-1.2440628,6.4225674,0.72531104,2.961371,8.169186,5.059805,5.2739425,7.1149607,3.8384795,0
8.452154,7.354562,3.327492,-1.1054813,6.3730826,0.79803467,2.177776,8.019138,6.4891586,4.894365,6.650381,3.419186,1
8.090274,6.8498425,1.5614098,2.2207055,5.177619,1.3497478,3.6672444,6.966619,5.4572573,6.277037,5.998902,4.800431,1
8.383849,7.557315,1.5228912,0.4936721,6.21185,0.72056806,2.5087297,8.03416,5.0842204,6.4616494,6.9679866,3.629196,1
8.039107,7.6811557,2.7686965,-0.96215254,6.3432035,0.9386158,2.199815,8.200996,6.022711,5.0828547,6.6316185,3.864694,0
8.967638,6.7530737,3.7885497,0.30397537,6.2761455,1.6995057,1.597583,7.9611998,4.9176774,5.3129053,6.9729714,4.5267353,1
8.024233,6.817157,1.6544424,2.4703872,5.046841,1.5790979,4.033547,6.7017145,5.4284167,6.5055876,5.949001,4.809219,1
9.073675,6.7867208,3.0558932,-0.2980137,6.441388,0.55110306,2.7311685,7.8454223,5.3049364,5.604682,7.2246547,3.17333,0
8.2646,7.2717667,3.1862495,-1.0042638,6.196221,0.7283845,2.139792,7.911706,6.231162,4.9094095,6.767263,3.519885,1
8.866996,7.2073383,3.5206661,-0.7874851,6.804964,1.1585695,2.4160933,8.288128,5.0882215,5.4239874,7.1537776,3.7370796,1
8.163742,7.0614643,3.068744,-0.18447365,5.919124,1.147492,1.9698335,7.7823715,5.498406,5.0527787,6.7982893,4.3121376,1
8.200919,7.3824506,2.929605,-0.43945727,6.1908083,1.0745261,2.6466146,7.8792806,6.046841,5.2141075,6.525894,3.9258757,0
8.066434,7.3900137,2.0696497,-0.22693793,5.9916334,0.53744775,2.1983795,7.8571615,5.361629,5.801197,7.11909,3.518563,1
9.441324,6.7038174,4.238264,0.2045233,6.653125,1.8725806,1.2574891,8.215859,4.6908274,5.4092975,7.17886,4.402252,0
7.897947,6.5800385,1.9095038,2.330788,4.828806,1.423347,4.0721416,6.443375,5.5484705,6.2578707,6.1320353,4.6461735,1
8.465713,6.672915,0.3961014,2.0978973,4.8833947,-0.04731649,3.808905,6.518582,5.6213493,6.3665986,6.8618855,4.432148,0
8.20389,7.4638,2.8888407,-0.6966675,6.27834,0.9372213,2.2143803,8.046393,6.0428348,5.183914,6.6715097,3.7788115,0
8.311274,6.973657,1.4856262,0.9975326,5.685218,0.50690925,2.8782375,7.492313,4.742063,6.2984843,7.1037164,3.8548336,1
9.110238,7.084063,3.812718,-0.103758134,6.657483,1.6932278,1.5998589,8.297803,5.2444253,5.336484,6.871946,4.322689,1
8.016397,6.984712,2.0413544,0.097138,5.719968,0.39261281,2.6969073,7.5099096,5.081203,5.7095904,7.1828923,3.6754043,0
8.516421,6.9476786,3.5476387,-0.31576926,6.1690965,1.3142704,1.6054276,7.9476204,5.1256557,5.11362,7.0732684,4.246645,0
8.875363,7.204942,3.675639,-1.0616705,6.509132,0.8213648,2.2515876,7.9854817,6.809215,4.866893,6.5909657,3.1853135,1
8.746282,7.746763,3.0393057,-0.59412366,6.8656516,1.3086429,2.7650547,8.379193,6.1767,5.5376654,6.37617,3.6949496,0
8.03218,6.9747844,1.9366733,1.5443751,5.3775806,1.3086017,3.5081902,7.1428123,5.611759,5.8989725,6.1305375,4.683046,0
9.470614,7.2913265,3.3658688,0.6628633,7.0109677,2.034648,1.6981127,8.606147,4.6973433,6.136723,6.874062,4.5391045,1
9.391801,7.304427,3.3540268,0.6423596,6.9624286,2.039202,1.7955948,8.557535,4.7747407,6.082602,6.808298,4.5649667,1
8.264156,7.0153427,3.1012914,-0.09986776,5.94636,1.1713616,2.0271137,7.768757,5.521319,5.0958414,6.772531,4.2929573,1
7.997755,6.9077954,2.2754345,1.4996594,5.34336,1.4652655,3.5489917,7.0182176,5.6452723,5.893639,6.187527,4.614322,0
8.671872,7.7519836,3.0657802,-0.6796901,6.857351,1.3078855,2.7299607,8.398868,6.087591,5.479068,6.423364,3.7570834,1
8.42995,7.6440954,2.1956086,-0.9162124,6.8704844,0.5703053,3.0854785,8.474954,4.3258204,6.0482926,7.4691634,3.479671,1
9.44154,7.0503387,3.8417146,0.27755114,6.871618,1.9326075,1.5034574,8.448986,4.883987,5.6669717,6.944729,4.452714,1
8.981431,6.872059,3.7830834,-0.2618322,6.4506392,1.3616021,1.8045688,8.032697,5.301948,5.2316246,7.014251,4.0224648,0
8.504051,7.709518,2.3272538,-1.195596,7.0663567,0.51873904,3.1632016,8.622264,4.2051373,6.013314,7.5652575,3.3734975,1
8.467172,7.279855,3.1733396,-0.7482265,6.3017435,0.87327576,2.1832898,7.962285,6.252984,5.0888634,6.6959915,3.5634446,0
7.8576894,7.203571,1.973362,-0.17764796,5.813903,0.38542458,2.682764,7.626135,5.024529,5.7427363,7.2532377,3.6292322,1
9.431824,6.859795,4.085399,0.28179413,6.734179,1.9694543,1.4594551,8.284158,4.848499,5.5156264,6.9866343,4.4886045,0
7.9702277,6.7204194,1.7808112,2.40735,4.957694,1.5330317,4.054013,6.594763,5.496314,6.385522,6.0074525,4.7574954,1
7.649174,8.064645,2.4344506,-1.0580916,6.352214,1.088869,2.3829613,8.331817,6.0504217,5.106744,6.427786,4.1502123,0
8.073507,7.7902985,1.4075375,0.016947726,6.3187184,0.64975226,2.6316152,8.210938,4.735473,6.3848577,7.1379595,3.7319627,0
8.139237,7.2896833,2.1861646,-0.5660318,6.256183,0.4186832,3.0295973,7.9441686,4.6488667,5.7649746,7.373561,3.5480206,1
7.6851554,7.9099493,2.666177,-0.8919533,6.288743,1.2243787,2.6799307,8.167473,6.0956564,5.0362687,6.332438,4.265763,1
9.548408,7.1618543,3.3955638,0.68204755,6.988763,1.9186974,1.5584677,8.5853,4.522908,6.1406875,7.04233,4.4497766,1
9.436306,6.5771427,4.277505,0.2711846,6.534778,1.8718537,1.3050741,8.087304,4.6316605,5.412722,7.2028627,4.4113975,1
8.123824,7.262498,3.04562,-0.7954272,6.104217,0.7917859,2.5540302,7.7766843,6.092147,5.023076,6.72439,3.6500847,0
8.755655,7.4672074,3.2900274,-0.66780114,6.8368726,1.2864189,2.4107034,8.392471,5.3611264,5.4892783,6.8813577,3.867401,1
8.636464,6.7392783,0.023870097,2.297622,4.7750273,-0.31100583,3.8967366,6.3881993,5.6957846,6.4698257,6.9535456,4.49976,0
9.336126,6.589527,4.187812,0.23426473,6.455547,1.7958255,1.3200458,8.056208,4.6754494,5.363591,7.188738,4.414835,1
8.902338,7.191697,3.6982076,-1.0403209,6.527531,0.83893025,2.2718136,7.9888163,6.791255,4.886091,6.5810204,3.182856,0
8.23798,7.1039057,3.0602484,-0.6390194,6.033779,0.7564271,2.165943,7.7686715,5.857269,5.0674877,6.8967066,3.6804411,1
7.667244,7.2773595,2.8226361,-0.4829489,5.7857285,0.9608188,2.9462433,7.5330176,5.932324,5.002483,6.584912,4.1067877,1
8.334142,6.7494183,2.0566967,0.9118905,5.6012864,0.7104264,2.960218,7.3362803,5.0380464,5.85191,6.9000125,4.061885,0
8.546804,6.4589057,2.5752876,0.43419722,5.665239,0.44897318,2.9776726,7.2253723,5.1398816,5.597413,7.163607,3.6008072,1
7.919304,7.2524147,2.9631758,-0.3489638,5.908122,1.0787058,2.9856472,7.5716033,6.095425,5.078075,6.471164,4.0544753,1
8.056368,6.8818574,2.2855294,1.5562146,5.3664,1.4723392,3.4334195,7.0334435,5.498868,6.032256,6.3043804,4.5312114,0
8.014075,6.918704,1.9088032,0.46178576,5.5717087,0.4507276,2.8436806,7.343681,4.957096,5.924741,7.188528,3.7042043,0
7.9240985,6.657212,2.5441124,0.24914351,5.35993,0.5452446,2.8523457,7.0563045,5.4050007,5.409964,7.0530415,3.7704628,0
8.004536,7.5924864,2.6648023,0.004949404,6.108145,1.4481647,3.059995,7.856074,6.1311226,5.31648,6.108824,4.4490547,1
8.52873,7.3991814,2.668622,-0.7801168,6.5674353,0.6158457,2.649629,8.181344,5.475714,5.543663,7.030815,3.3849907,0
9.49196,6.5954757,4.1776724,0.20514666,6.597526,1.7425059,1.5144125,8.071015,4.7291436,5.5216374,7.2192683,4.177373,1
8.000527,7.017195,2.0298016,0.06939128,5.7360773,0.39645144,2.7456803,7.517047,5.0503817,5.7211256,7.197201,3.6842332,0
8.269982,6.939374,1.9347537,0.75217164,5.749721,0.7591382,2.8895073,7.531709,4.8195877,5.94545,6.965586,4.1087904,0
8.610382,6.70316,3.073846,-0.06455624,5.896467,0.6320049,2.6425304,7.4007015,5.875234,5.364128,6.935484,3.361641,0
9.412223,6.724598,4.139766,0.31602573,6.618177,1.9064374,1.3803146,8.179245,4.7394614,5.4669137,7.086295,4.462968,1
8.818548,6.719889,3.1181905,-0.067677386,6.0760403,0.6568562,2.7436464,7.5088563,5.834759,5.45329,6.9378705,3.2808065,0
8.215181,7.4419885,1.3724517,0.5079833,6.0116487,0.53226906,2.5355527,7.8761196,4.8920627,6.458628,7.138032,3.5877216,1
8.5061,7.6785874,2.501346,-1.2316273,7.022565,0.611245,3.098582,8.570643,4.513187,5.842885,7.4347725,3.4291594,0
8.801133,7.6853976,3.1145518,-0.59795034,6.819815,1.2823205,2.4580674,8.376178,6.2606125,5.4667993,6.411036,3.6705015,0
8.097042,7.2607837,1.9966223,1.2800841,5.7372108,1.4986756,3.6215186,7.443795,5.5296726,6.037757,6.088599,4.7032905,1
8.412231,7.184871,1.9350402,0.8119389,5.993083,0.9903035,2.8014174,7.783185,5.008032,6.052621,6.7571254,4.2013516,1
9.493616,6.699385,3.974411,0.33357596,6.6611733,1.7492348,1.3568573,8.216469,4.5382876,5.6693425,7.2730613,4.268756,1
8.1171255,6.976154,2.2134008,0.005834827,5.7682796,0.36875728,2.6739154,7.457378,5.236425,5.7917123,7.250555,3.3825595,1
8.1723585,7.0780673,1.7049944,0.561176,5.753484,0.4479432,2.7676876,7.4956427,4.9269834,6.2696056,7.2306004,3.5044625,1
8.965351,7.445295,3.3815472,-0.26470935,6.9629498,1.6370789,2.1998765,8.550772,4.968506,5.6734114,6.8961325,4.2518225,1
9.51592,7.2540812,3.5428329,0.39624774,7.0722966,1.9376779,1.6114997,8.645404,4.6989603,6.0153613,6.985628,4.402922,0
7.9882565,7.582843,2.5954268,0.11164601,6.072317,1.4684701,3.0105207,7.84887,6.0544333,5.355546,6.1126585,4.5164275,1
7.7259555,7.900109,2.1887982,-0.49224713,6.179929,1.1339289,2.2661119,8.236409,5.636783,5.3423676,6.518746,4.3624616,1
8.005233,6.5443892,2.2506375,1.6164656,5.083991,1.1394843,3.7110684,6.6513505,5.47152,6.012089,6.5090446,4.2483187,0
8.097775,6.524903,2.2334092,0.6840415,5.3126445,0.4413346,3.0334811,6.9882436,5.13349,5.693967,7.1282516,3.742771,1
8.0561075,7.23412,3.0043747,-0.2677189,5.946175,1.1133943,2.9865756,7.5814075,6.2438827,5.094213,6.3760495,4.0201993,1
8.119449,7.4217095,1.3512548,0.73954034,5.90011,0.6742278,2.7420392,7.766228,4.8940086,6.4719176,6.9986,3.7952735,1
8.33486,7.517994,3.1981187,-1.1254576,6.4214,0.88475096,2.3259187,8.084739,6.5033627,4.955941,6.553674,3.5138645,0
7.9450684,6.630616,1.8892808,2.299508,4.904151,1.4354225,4.0012197,6.540471,5.551662,6.2453494,6.0803576,4.693634,0
9.575694,7.055407,3.8253076,0.30452406,6.982766,1.9038444,1.4499421,8.534712,4.692805,5.8326106,7.0818367,4.3492365,1
7.789657,6.6941752,2.490124,0.49377394,5.1946535,0.73978513,2.9278083,6.9527655,5.6103277,5.384269,6.78246,4.0292244,0
8.981955,6.911923,3.8050227,-0.13864894,6.4697876,1.5257058,1.6367391,8.109715,5.1850705,5.243581,6.980835,4.235584,0
9.474597,6.7297153,4.2039065,0.43092647,6.655134,2.0496523,1.4611946,8.175893,4.745938,5.5261054,7.0120115,4.551246,1
8.233627,7.7769275,1.5344353,0.4667999,6.340119,1.012957,2.9142609,8.156492,4.986779,6.4439187,6.7506795,4.006898,0
8.560856,7.5635667,1.6190298,0.52842,6.3668036,0.81972116,2.3735313,8.177041,4.90917,6.5160685,7.0289035,3.7013624,1
8.580358,7.979915,2.2389767,0.15030618,6.722956,1.4615269,2.7832832,8.399155,5.965483,6.048913,6.222617,4.0067716,0
8.446924,6.8990808,3.2472608,-0.5112517,6.007257,0.72690004,2.26452,7.635563,5.9313245,5.0716553,6.9111447,3.5428002,0
8.100254,6.989888,1.7584271,1.011447,5.550653,0.7915025,3.0380774,7.3530097,5.1108084,6.052996,6.775842,4.1015396,1
7.5785394,7.768669,2.0653338,-0.5631396,5.9986877,0.8515893,2.292437,8.0523205,5.554619,5.362033,6.729895,4.1335754,1
7.953832,7.515234,2.2583165,0.2662209,5.947291,1.289355,2.5131772,7.9023714,5.587338,5.485711,6.3991923,4.549912,0
8.135364,6.95013,2.2342994,0.1424556,5.7107744,0.43898115,2.5717282,7.402338,5.2423506,5.876915,7.2587986,3.379643,1
8.485948,7.128019,2.1592364,0.6213279,6.041338,0.9743518,2.6784923,7.821279,5.099243,5.8620434,6.7718835,4.1695232,1
7.998611,7.17163,2.9034197,-0.413643,5.9024014,0.9658327,2.0907962,7.779362,5.605011,5.043473,6.820442,4.1389318,0
7.9691954,7.4723706,1.8411105,0.5843559,5.84473,1.092219,2.6792157,7.7809834,5.394394,5.8781857,6.530901,4.3386564,0
8.039015,7.7954273,2.4516263,-1.30755,6.7326484,0.6778975,2.9207387,8.442528,4.81536,5.546638,7.2358184,3.6791878,0
8.050025,7.7937894,2.417027,-1.2898457,6.7266254,0.6609668,2.9158163,8.439006,4.8165183,5.5749006,7.232887,3.6624508,0
8.19531,7.1983333,2.517176,-0.4835452,6.0985484,0.51549995,2.7264543,7.7514377,5.467603,5.5447474,7.084369,3.4256845,0
8.073316,7.855652,2.7260225,-0.55360484,6.4687777,1.3612086,2.8212233,8.215429,6.1118455,5.3098035,6.2527733,4.191104,1
7.924239,6.777718,2.599619,-0.00478424,5.485829,0.5440731,2.6168249,7.2316637,5.446119,5.3181653,7.071285,3.7539287,0
8.344342,7.563741,3.2263901,-1.1206799,6.4751453,0.965048,2.3890276,8.126355,6.508009,4.9597487,6.5022006,3.5783293,0
8.516635,7.517219,1.377444,0.7676791,6.265438,0.7583129,2.5184398,8.091971,4.7029305,6.676278,7.0848303,3.7472084,0
7.7041073,7.3794246,2.8412468,-0.47457874,5.8712864,1.0786899,2.9538612,7.623093,6.0525465,4.9977355,6.451742,4.1820335,1
8.264595,6.9117184,1.4834746,1.1893348,5.4916015,0.5710765,3.142057,7.26404,5.087408,6.137647,6.877283,4.163361,1
8.02825,6.822448,1.6444936,2.460135,5.0566354,1.5692668,4.0172787,6.7171516,5.425613,6.5011783,5.953559,4.8061023,1
7.6593647,7.3842354,2.4659672,-0.7427714,5.8618717,0.6228572,2.1214147,7.8324585,5.412872,5.169086,7.0443497,3.8945923,0
8.846548,7.0463634,2.6326768,-0.5750475,6.600847,0.40422192,3.0155923,8.052628,4.722086,5.8360095,7.465307,3.1839192,0
9.456351,6.6139097,4.1257186,0.05607235,6.598237,1.6075497,1.6360242,8.043494,4.8590274,5.4987226,7.223522,4.0097046,0
7.494838,7.801823,2.527346,-0.99838257,6.115945,1.0198349,2.3592162,8.1287565,5.716225,4.9669805,6.6250114,4.296123,1
8.179995,6.6026263,2.7027302,0.35135373,5.4700665,0.6324612,2.9538157,7.0713205,5.5488787,5.4633636,6.9504714,3.6923745,0
8.277654,6.967219,3.058177,-0.028538303,5.898493,1.1261138,2.0278397,7.7230654,5.505355,5.1155763,6.7938743,4.2722807,1
8.00343,6.525192,2.226977,1.515345,5.084141,1.0374814,3.6479537,6.6664987,5.462081,5.953911,6.586078,4.17725,1
8.998878,6.8007064,3.7592938,0.3438508,6.3252954,1.7407585,1.5927283,8.016698,4.933381,5.344351,6.929279,4.568299,1
7.992726,6.996955,2.2575073,1.3227602,5.418133,1.4284048,3.6297581,7.1111217,5.869367,5.707721,6.0284657,4.670356,1
9.187712,6.700978,4.0954742,0.12514466,6.460993,1.7662835,1.326471,8.0943365,4.8227396,5.2816377,7.1133265,4.44269,0
8.969355,6.759354,3.7713342,0.32947597,6.275672,1.7071098,1.6027324,7.9654956,4.922736,5.319992,6.9573455,4.543749,0
8.072079,6.984921,1.756284,1.8825666,5.3381624,1.4066205,3.5669842,7.108739,5.514893,6.160563,6.058097,4.7340918,1
8.168094,7.0136495,1.6386834,1.856832,5.4614124,1.334098,3.7345803,7.1410046,5.280275,6.40184,6.216528,4.591815,1
8.406518,7.63986,2.233442,-0.91138417,6.8451176,0.59574825,3.0354564,8.462008,4.36465,6.0043087,7.4508376,3.5059392,0
7.624902,7.365716,2.5124025,-0.770678,5.8376675,0.6223799,2.1342483,7.803623,5.4353867,5.1188974,7.042889,3.9053717,1
8.297594,7.0023417,1.7627736,0.9859743,5.740595,0.8044152,2.9815278,7.5234876,4.8962708,6.102157,6.8544407,4.140333,1
9.318029,7.0878954,3.3452165,0.47596812,6.829969,1.7503644,1.710315,8.462566,4.551658,5.912906,7.0568967,4.429529,1
8.614675,6.765513,3.1482022,-0.19220339,5.9768014,0.67823374,2.5420933,7.505139,5.9041,5.28764,6.9095087,3.40662,0
7.7480087,7.2876544,1.750296,0.2568357,5.66384,0.58230186,2.7533402,7.540096,5.0427313,5.9950233,7.082442,3.7794237,1
9.124095,6.8551025,4.01961,-0.047216468,6.5528436,1.7258008,1.4254165,8.185212,5.0239553,5.249809,7.0028114,4.385226,0
9.579278,7.215084,3.4362102,0.6918611,7.0436974,1.9965212,1.601057,8.6181965,4.587131,6.153263,6.9675765,4.499955,0
9.5006,7.3047833,3.2776794,0.57986957,7.0579243,1.8813074,1.6530434,8.655872,4.6238575,6.1806197,6.9868217,4.398388,0
7.942554,7.3025293,2.7791846,-0.10504243,5.899956,1.2571667,2.26972,7.8144984,5.659631,5.097097,6.5373144,4.5058994,0
8.358506,6.682002,2.840309,0.48824042,5.655415,0.8913031,3.2183802,7.139771,5.600572,5.618449,6.7875314,3.732137,0
7.97061,7.4779453,2.6062891,-1.1456639,6.466316,0.584119,3.1607563,8.093998,4.7377486,5.4767666,7.365576,3.6073081,1
8.116668,6.7100086,1.8626822,1.9379122,5.155925,1.254523,3.481551,6.9558926,5.614102,5.8921638,6.057004,4.81362,0
7.843205,8.148356,2.0359137,-0.4648793,6.4377527,1.238548,2.424114,8.436708,5.723834,5.609128,6.4053855,4.2822175,0
7.67251,7.4771476,1.863066,-0.37714437,5.877282,0.45988652,2.3904946,7.815168,5.0722575,5.736673,7.223929,3.7086246,1
8.326235,7.3054543,2.964939,-0.5652093,6.2056723,0.89691395,2.1197743,7.9545693,6.0566034,5.161018,6.714615,3.7393517,1
7.6530585,7.3074636,2.5858724,-0.6802987,5.8122725,0.7000936,2.1364594,7.7376447,5.4983106,5.1178465,7.02105,3.9675112,1
8.024991,6.910342,2.061989,1.4262558,5.34682,1.2568823,3.4521096,7.105675,5.666139,5.757508,6.1740313,4.6481385,1
8.804263,7.494964,3.3087797,-0.29541054,6.8647013,1.623576,2.3247714,8.481619,5.1074166,5.592947,6.7886257,4.2981224,1
7.971974,6.669041,1.829652,2.189198,4.972093,1.3518015,3.8177927,6.703567,5.631887,6.08821,6.0256686,4.7613516,0
7.6393123,7.959721,2.5572314,-0.6945944,6.2975917,1.3504949,2.8517292,8.186665,5.9202094,5.153738,6.2777805,4.4647875,1
7.818475,8.049351,2.253979,-0.6616393,6.4590316,1.1882704,2.595542,8.390215,5.635107,5.473578,6.5004535,4.247828,1
8.037195,6.837476,1.6313963,2.4614747,5.0740104,1.5766654,4.027285,6.728041,5.4027514,6.531671,5.959513,4.8006825,1
8.627881,7.984226,2.194317,0.20853207,6.7501698,1.4680816,2.8058267,8.414112,5.925508,6.10948,6.2338085,3.9953604,1
7.908572,7.4749637,2.5433078,0.23062284,5.914767,1.414899,3.0585113,7.706594,6.016104,5.3296885,6.1338406,4.5550094,1
7.993687,8.082798,2.3092656,-0.49316198,6.6403403,1.3602011,2.9454005,8.456089,5.536599,5.6613283,6.417269,4.308365,1
9.224728,7.138503,3.2612693,0.42526403,6.8204846,1.6989458,1.8190478,8.461507,4.562055,5.913185,7.037082,4.4131527,0
8.169047,7.4401093,3.215061,-1.1370124,6.463926,0.941901,2.7302504,8.070886,5.6887712,5.062231,6.866669,3.7507453,1
7.773536,7.213082,1.8401068,0.029520068,5.666296,0.39271554,2.5952353,7.513897,5.0402203,5.9326267,7.2811985,3.541877,1
9.36699,6.5087366,4.227632,0.26150858,6.415867,1.7719547,1.3881904,7.976862,4.675491,5.3732963,7.2069283,4.354253,1
9.087029,6.732597,3.8281784,0.3980218,6.3442187,1.7680218,1.5183519,8.0205765,4.789646,5.388845,7.013575,4.562639,0
7.942777,7.549639,2.5909638,-1.2240539,6.512584,0.6019432,3.1278224,8.16002,4.755964,5.4524074,7.3383365,3.638739,0
8.066159,7.0510774,2.0351906,1.329394,5.5134134,1.319951,3.441282,7.2615604,5.583375,5.863655,6.1928854,4.6152396,1
8.327972,7.479109,1.2444817,0.7651156,6.090745,0.6471667,2.6275375,7.954642,4.732745,6.626834,7.0850043,3.745659,1
7.630072,7.7815366,2.4165184,-0.9672505,6.119716,0.85173607,2.154031,8.137532,5.800731,5.0907054,6.70386,4.039939,0
9.300383,7.218103,3.747238,-0.078595705,6.8974113,1.7343787,1.672181,8.473411,5.296588,5.534648,6.8228855,4.2239475,1
7.895224,7.312269,2.7529223,-0.13519973,5.8775144,1.2265798,2.3026824,7.794282,5.676523,5.0880027,6.5418563,4.4855046,1
8.430741,6.6454415,0.461723,2.0425243,4.893952,-0.008367129,3.7961726,6.5292687,5.577874,6.370073,6.852312,4.4065886,1
8.024465,6.964395,1.8252108,1.5557224,5.361526,1.2089597,3.371797,7.1469316,5.4404826,6.067187,6.2991157,4.5278697,0
8.08656,7.1759877,2.9617643,-0.17731762,5.9010677,1.078627,2.9527543,7.540901,6.183366,5.1388006,6.418987,4.005056,1
8.271632,7.4665313,3.2230425,-1.135639,6.5691013,0.96323496,2.7454736,8.149689,5.6155767,5.1447616,6.895886,3.715377,1
8.060886,7.529349,1.9884906,-0.2754206,6.0908527,0.5912256,2.167829,7.9908123,5.3662624,5.8312097,7.0622897,3.5771298,1
9.217404,6.655845,4.102511,0.25773722,6.4172425,1.8199657,1.4031205,8.032008,4.8032084,5.3112383,7.0739207,4.4919276,1
8.334273,7.5046105,2.4657748,-0.8524421,6.5812488,0.59967643,2.8873177,8.220977,5.083866,5.643473,7.1497765,3.5005062,0
7.8555965,7.595207,2.2459362,0.14977032,5.94142,1.3025044,2.422821,7.9530635,5.580771,5.414637,6.402157,4.6218762,0
8.007408,8.0389185,2.1197858,-0.21106915,6.4793863,1.3506387,2.6486971,8.393284,5.607095,5.729168,6.374798,4.359251,1
7.9319077,6.632751,2.6167278,0.41616243,5.324891,0.6912296,3.0500174,6.991262,5.601051,5.31364,6.8308997,3.9516287,1
8.000198,6.5303116,2.2793915,1.4428916,5.10043,1.0202099,3.6083548,6.6784096,5.4479303,5.9354167,6.6146708,4.147254,1
7.807475,6.7547736,2.6546435,0.5584212,5.298205,0.9616533,3.3165314,6.952497,5.798911,5.294447,6.55169,4.207275,0
7.8363404,6.76217,2.361147,0.37302628,5.36121,0.6034678,3.0334198,7.0742016,5.3938055,5.4708157,6.950717,3.9074903,0
7.576899,7.970482,2.246125,-0.98824674,6.198886,0.89431554,2.2184474,8.246042,5.8706493,5.176345,6.6076355,4.0642877,1
7.9645977,8.131968,2.3848672,-0.71132857,6.5398917,1.2792916,2.4737556,8.429305,6.1422114,5.406148,6.2719584,4.1256237,0
8.016076,7.0680323,2.1263778,1.377052,5.483544,1.4464657,3.5768685,7.2035093,5.7158713,5.8337035,6.066966,4.695893,1
7.838705,8.156331,2.3971586,-0.9159473,6.4928575,1.2013788,2.3610983,8.43402,6.1834126,5.267894,6.310712,4.1076655,0
8.894316,6.9949355,2.8240936,-0.5411169,6.5425725,0.4789326,2.8002274,8.008183,5.0840764,5.665787,7.3117747,3.20406,0
7.9882402,7.4160666,1.816778,-0.106381185,6.005308,0.52724254,2.6562157,7.8801446,5.012925,5.8720856,7.0885143,3.7321544,1
8.229973,7.42347,2.8933194,-1.0701987,6.426966,0.70482785,2.4853156,8.128483,5.5375214,5.1883864,7.01765,3.6029937,1
7.9403405,7.4177794,2.5862556,0.12709428,5.916461,1.3528147,2.6330953,7.792483,5.8169065,5.258593,6.314354,4.557908,0
8.780316,7.088849,2.9388676,-0.69274,6.527514,0.5647253,2.5634005,8.060517,5.2764397,5.5054455,7.2263513,3.2910783,1
8.1291,7.506941,3.0232613,-1.1113726,6.267385,0.7842059,2.2042098,8.023641,6.345599,4.948961,6.6478634,3.571817,1
7.562932,8.150372,2.0371807,-0.7601339,6.268446,1.0853922,2.3003995,8.356898,5.814403,5.3478937,6.4591603,4.2700133,1
9.594008,6.961232,3.7533674,0.4650945,6.909527,1.8516568,1.3906454,8.479194,4.50744,5.922694,7.188579,4.335405,0
7.6227293,7.9979167,2.4812663,-0.91982424,6.340336,1.181358,2.728559,8.251566,5.853997,5.152322,6.4263687,4.2905865,1
8.366924,7.322091,1.4085633,0.6746149,6.079663,0.5639482,2.8805375,7.8373184,4.6040244,6.564787,7.2008324,3.6528502,1
8.102034,7.7639723,2.4832947,-1.1463951,6.6602316,0.7548688,2.679622,8.42227,5.096762,5.47461,7.0762124,3.7432191,0
8.304514,6.987629,1.5907075,0.8948997,5.711986,0.5249014,2.8663843,7.5046496,4.8362346,6.2128773,7.0808473,3.8578024,1
7.82048,7.6800413,1.4429501,-0.101057395,6.0379987,0.48313773,2.4317985,8.005686,4.9093,6.150616,7.1998215,3.6644893,1
8.3106575,7.389344,2.3331616,-0.8106799,6.551244,0.46040204,3.10954,8.145597,4.542107,5.8281,7.4570427,3.4276707,1
7.8806515,7.796053,2.5077906,-1.3493311,6.59134,0.72091216,2.79024,8.37822,5.031884,5.3349233,7.123616,3.8098652,0
8.584793,6.9472184,3.3073392,-0.60608214,6.16434,0.74545604,2.1646705,7.7785153,5.8953104,5.0940204,6.9448066,3.4956717,0
8.354852,7.834387,2.8759146,-0.5584013,6.7298007,1.4168866,2.9701505,8.354376,5.880879,5.4815674,6.3573728,4.097762,0
8.152254,6.950309,1.9110948,1.1321619,5.5382843,0.96325874,3.1668015,7.314515,5.2833977,5.913231,6.5709105,4.3193183,0
9.072685,6.8076034,3.1263776,-0.2786481,6.4413714,0.63909155,2.6347654,7.86144,5.3796873,5.5690017,7.1635423,3.244105,0
8.024336,7.107532,2.1229115,1.3820242,5.5288334,1.4963692,3.6561399,7.2280617,5.7065163,5.890433,6.0351453,4.7169485,1
8.655155,7.314047,1.9931206,0.31297538,6.2546577,0.6357161,2.4419498,7.9376884,5.3763924,6.2106967,6.978501,3.364518,1
8.059038,6.6341867,1.7752346,2.139735,5.0086484,1.2313159,3.7194772,6.7561355,5.594922,6.035058,6.069192,4.7372346,1
8.674244,7.783202,3.0359275,-0.6957032,6.8732495,1.2986954,2.737298,8.414632,6.1242433,5.4933963,6.407507,3.7299726,0
7.5945826,7.5333896,2.756683,-0.7953664,5.9892535,1.045781,2.461011,7.9092903,5.6715016,4.9223514,6.6699095,4.313132,0
7.833967,6.740373,2.6768064,0.5029893,5.3195205,0.92458117,3.234907,6.980536,5.7610583,5.272899,6.6047525,4.1743426,1
8.485398,7.3901215,3.3300066,-1.1103584,6.416585,0.81830835,2.1927505,8.052902,6.527203,4.904159,6.619848,3.4147093,1
7.9364853,6.7033715,2.219231,1.2185527,5.162662,1.014351,3.4456503,6.8871274,5.7589293,5.52907,6.331212,4.4726286,1
8.000476,6.6848035,1.7891185,2.244551,4.9900384,1.378345,3.8559694,6.6991663,5.582816,6.161555,6.0165224,4.7667704,1
7.874077,6.613196,2.533706,0.6967461,5.2221117,0.7983874,3.2625718,6.852006,5.531246,5.51246,6.798403,3.9979374,0
8.2431555,7.60488,1.2388384,0.54442894,6.1500635,0.6146249,2.5393288,8.037929,4.8025713,6.597224,7.1025233,3.6540735,1
